"educ_low","income_low","has_sibling","take_training","admitted_college"
0,0,0,0,1
0,0,0,0,1
0,0,0,0,1
0,0,0,0,1
0,0,0,0,1
0,0,1,0,1
0,0,0,0,1
0,0,0,0,1
0,0,0,0,1
0,0,0,0,1
0,0,0,0,1
0,0,1,0,1
0,0,0,0,1
0,0,0,0,1
0,0,0,0,1
0,0,0,0,1
0,0,0,0,1
0,0,0,0,1
0,0,0,0,1
0,0,0,0,1
0,0,1,0,1
0,0,1,0,1
0,0,0,0,1
0,0,1,0,1
0,0,0,0,1
0,0,0,0,1
0,0,0,0,1
0,0,0,0,1
0,0,0,0,1
0,0,0,0,1
0,0,0,0,1
0,0,0,0,1
0,0,0,0,1
0,0,0,0,1
0,0,0,0,1
0,0,1,0,1
0,0,0,0,1
0,0,0,0,1
0,0,0,0,1
0,0,1,0,1
0,0,0,0,1
0,0,0,0,1
0,0,0,0,1
0,0,0,0,1
0,0,1,0,1
0,0,1,0,1
0,0,0,0,1
0,0,0,0,1
0,0,1,0,1
0,0,0,0,1
0,0,0,0,1
0,0,0,0,1
0,0,0,0,1
0,0,0,0,1
0,0,1,0,1
0,0,0,0,1
0,0,1,0,1
0,0,0,0,1
0,0,0,0,1
0,0,0,0,1
0,0,1,0,1
0,0,0,0,1
0,0,1,0,1
0,0,0,0,1
0,0,0,0,1
0,0,0,0,1
0,0,0,0,1
0,0,1,0,1
0,0,0,0,1
0,0,0,0,1
0,0,0,0,1
0,0,0,0,1
0,0,0,0,1
0,0,0,0,1
0,0,0,0,1
0,0,0,0,1
0,0,0,0,1
0,0,0,0,1
0,0,1,0,1
0,0,1,0,1
0,0,0,0,1
0,0,0,0,1
0,0,0,0,1
0,0,0,0,1
0,0,1,0,1
0,0,0,0,1
0,0,0,0,1
0,0,1,0,1
0,0,0,0,1
0,0,0,0,1
0,0,1,0,0
0,0,1,0,0
0,0,0,0,0
0,0,1,0,0
0,0,0,0,0
0,0,0,0,0
0,0,0,0,0
0,0,1,0,0
0,0,0,0,0
0,0,0,0,0
0,0,0,1,1
0,0,0,1,1
0,0,1,1,1
0,0,0,1,1
0,0,0,1,1
0,0,0,1,1
0,0,1,1,1
0,0,0,1,1
0,0,0,1,1
0,0,1,1,1
0,0,0,1,1
0,0,0,1,1
0,0,0,1,1
0,0,1,1,1
0,0,0,1,1
0,0,0,1,1
0,0,0,1,1
0,0,0,1,1
0,0,0,1,1
0,0,0,1,1
0,0,0,1,1
0,0,1,1,1
0,0,0,1,1
0,0,1,1,1
0,0,1,1,1
0,0,0,1,1
0,0,0,1,1
0,0,0,1,1
0,0,0,1,1
0,0,0,1,1
0,0,0,1,1
0,0,0,1,1
0,0,0,1,1
0,0,1,1,1
0,0,0,1,1
0,0,0,1,1
0,0,0,1,1
0,0,0,1,1
0,0,0,1,1
0,0,1,1,1
0,0,0,1,1
0,0,1,1,1
0,0,0,1,1
0,0,0,1,1
0,0,0,1,1
0,0,0,1,1
0,0,0,1,1
0,0,0,1,1
0,0,0,1,1
0,0,0,1,1
0,0,0,1,1
0,0,0,1,1
0,0,0,1,1
0,0,0,1,1
0,0,0,1,1
0,0,0,1,1
0,0,1,1,1
0,0,0,1,1
0,0,0,1,1
0,0,0,1,1
0,0,1,1,1
0,0,0,1,1
0,0,0,1,1
0,0,0,1,1
0,0,0,1,1
0,0,0,1,1
0,0,0,1,1
0,0,1,1,1
0,0,0,1,1
0,0,0,1,1
0,0,0,1,1
0,0,0,1,1
0,0,0,1,1
0,0,0,1,1
0,0,0,1,1
0,0,0,1,1
0,0,0,1,1
0,0,0,1,1
0,0,0,1,1
0,0,1,1,1
0,0,0,1,1
0,0,0,1,1
0,0,0,1,1
0,0,0,1,1
0,0,0,1,1
0,0,1,1,1
0,0,0,1,1
0,0,1,1,1
0,0,0,1,1
0,0,0,1,1
0,0,0,1,1
0,0,0,1,1
0,0,0,1,1
0,0,0,1,1
0,0,0,1,1
0,0,0,1,1
0,0,0,1,1
0,0,1,1,1
0,0,0,1,1
0,0,0,1,1
0,0,1,1,1
0,0,0,1,1
0,0,0,1,1
0,0,0,1,1
0,0,0,1,1
0,0,1,1,1
0,0,0,1,1
0,0,0,1,1
0,0,0,1,1
0,0,0,1,1
0,0,1,1,1
0,0,0,1,1
0,0,0,1,1
0,0,0,1,1
0,0,0,1,1
0,0,0,1,1
0,0,0,1,1
0,0,0,1,1
0,0,0,1,1
0,0,0,1,1
0,0,1,1,1
0,0,1,1,1
0,0,0,1,1
0,0,0,1,1
0,0,1,1,1
0,0,0,1,1
0,0,0,1,1
0,0,1,1,1
0,0,0,1,1
0,0,0,1,1
0,0,0,1,1
0,0,0,1,1
0,0,1,1,1
0,0,0,1,1
0,0,0,1,1
0,0,1,1,1
0,0,0,1,1
0,0,0,1,1
0,0,1,1,1
0,0,0,1,1
0,0,0,1,1
0,0,0,1,1
0,0,0,1,1
0,0,0,1,1
0,0,1,1,1
0,0,0,1,1
0,0,0,1,1
0,0,0,1,1
0,0,0,1,1
0,0,0,1,1
0,0,0,1,1
0,0,1,1,1
0,0,0,1,1
0,0,0,1,1
0,0,0,1,1
0,0,0,1,1
0,0,0,1,1
0,0,0,1,1
0,0,0,1,1
0,0,0,1,1
0,0,0,1,1
0,0,0,1,1
0,0,1,1,1
0,0,0,1,1
0,0,0,1,1
0,0,1,1,1
0,0,0,1,1
0,0,0,1,1
0,0,0,1,1
0,0,0,1,1
0,0,0,1,1
0,0,0,1,1
0,0,0,1,1
0,0,1,1,1
0,0,0,1,1
0,0,0,1,1
0,0,0,1,1
0,0,0,1,1
0,0,0,1,1
0,0,0,1,1
0,0,0,1,1
0,0,0,1,1
0,0,0,1,1
0,0,1,1,1
0,0,0,1,1
0,0,0,1,1
0,0,0,1,1
0,0,1,1,1
0,0,0,1,1
0,0,0,1,1
0,0,1,1,1
0,0,0,1,1
0,0,1,1,1
0,0,0,1,1
0,0,0,1,1
0,0,1,1,1
0,0,0,1,1
0,0,0,1,1
0,0,0,1,1
0,0,0,1,1
0,0,0,1,1
0,0,0,1,1
0,0,1,1,1
0,0,0,1,1
0,0,1,1,1
0,0,1,1,1
0,0,0,1,1
0,0,0,1,1
0,0,0,1,1
0,0,0,1,1
0,0,0,1,1
0,0,0,1,1
0,0,0,1,1
0,0,0,1,1
0,0,0,1,1
0,0,0,1,1
0,0,0,1,1
0,0,0,1,1
0,0,0,1,1
0,0,0,1,1
0,0,0,1,1
0,0,0,1,1
0,0,1,1,1
0,0,0,1,1
0,0,0,1,1
0,0,1,1,1
0,0,1,1,1
0,0,0,1,1
0,0,0,1,1
0,0,0,1,1
0,0,0,1,1
0,0,0,1,1
0,0,0,1,1
0,0,0,1,1
0,0,0,1,1
0,0,0,1,1
0,0,0,1,1
0,0,0,1,1
0,0,0,1,1
0,0,0,1,1
0,0,0,1,1
0,0,1,1,1
0,0,0,1,1
0,0,0,1,1
0,0,0,1,1
0,0,0,1,1
0,0,0,1,1
0,0,1,1,1
0,0,0,1,1
0,0,0,1,1
0,0,1,1,1
0,0,0,1,1
0,0,0,1,1
0,0,0,1,1
0,0,0,1,1
0,0,0,1,1
0,0,0,1,1
0,0,0,1,1
0,0,0,1,1
0,0,0,1,1
0,0,0,1,1
0,0,1,1,1
0,0,1,1,1
0,0,0,1,1
0,0,0,1,1
0,0,0,1,1
0,0,0,1,1
0,0,0,1,1
0,0,0,1,1
0,0,0,1,1
0,0,0,1,1
0,0,0,1,1
0,0,0,1,1
0,0,0,1,1
0,0,0,1,1
0,0,0,1,1
0,0,0,1,1
0,0,0,1,1
0,0,0,1,1
0,0,1,1,1
0,0,1,1,0
0,0,1,1,0
0,0,1,1,0
0,0,0,1,0
0,0,0,1,0
0,0,0,1,0
0,0,0,1,0
0,0,0,1,0
0,0,0,1,0
0,0,0,1,0
0,0,0,1,0
0,0,1,1,0
0,0,0,1,0
0,0,1,1,0
0,0,0,1,0
0,0,0,1,0
0,0,0,1,0
0,0,0,1,0
0,0,0,1,0
0,0,0,1,0
0,0,0,1,0
0,0,0,1,0
0,0,0,1,0
0,0,0,1,0
0,0,1,1,0
0,0,0,1,0
0,0,1,1,0
0,0,0,1,0
0,0,0,1,0
0,0,0,1,0
0,0,0,1,0
0,0,1,1,0
0,0,0,1,0
0,0,1,1,0
0,0,0,1,0
0,0,1,1,0
0,0,0,1,0
0,0,0,1,0
0,0,1,1,0
0,0,0,1,0
0,0,0,1,0
0,0,0,1,0
0,0,0,1,0
0,0,0,1,0
0,0,0,1,0
0,0,0,1,0
0,0,0,1,0
0,0,0,1,0
0,0,0,1,0
0,0,0,1,0
0,0,0,1,0
0,0,0,1,0
0,0,0,1,0
0,0,0,1,0
0,0,0,1,0
0,0,0,1,0
0,0,1,1,0
0,0,0,1,0
0,0,0,1,0
0,0,0,1,0
0,0,0,1,0
0,0,1,1,0
0,0,0,1,0
0,0,0,1,0
0,0,0,1,0
0,0,0,1,0
0,0,1,1,0
0,0,0,1,0
0,0,0,1,0
0,0,0,1,0
0,0,0,1,0
0,0,0,1,0
0,0,0,1,0
0,0,1,1,0
0,0,0,1,0
0,0,0,1,0
0,0,1,1,0
0,0,1,1,0
0,0,0,1,0
0,0,0,1,0
0,0,0,1,0
0,0,0,1,0
0,0,0,1,0
0,0,1,1,0
0,0,0,1,0
0,0,0,1,0
0,0,1,1,0
0,0,0,1,0
0,0,0,1,0
0,0,1,1,0
0,0,0,1,0
0,0,1,1,0
0,0,0,1,0
0,0,0,1,0
0,0,0,1,0
0,0,0,1,0
0,0,0,1,0
0,0,0,1,0
0,0,1,1,0
0,0,0,1,0
0,0,0,1,0
0,0,0,1,0
0,0,0,1,0
0,0,0,1,0
0,0,0,1,0
0,0,0,1,0
0,0,0,1,0
0,0,0,1,0
0,0,0,1,0
0,0,0,1,0
0,0,0,1,0
0,0,0,1,0
0,0,0,1,0
0,0,0,1,0
0,0,0,1,0
0,0,0,1,0
0,0,0,1,0
0,0,1,1,0
0,0,1,1,0
0,0,1,1,0
1,0,0,0,1
1,0,1,0,1
1,0,0,0,1
1,0,1,0,1
1,0,0,0,1
1,0,0,0,1
1,0,0,0,1
1,0,0,0,1
1,0,0,0,1
1,0,0,0,1
1,0,0,0,1
1,0,0,0,1
1,0,0,0,1
1,0,1,0,1
1,0,0,0,1
1,0,1,0,1
1,0,0,0,1
1,0,0,0,1
1,0,1,0,1
1,0,0,0,1
1,0,0,0,1
1,0,0,0,1
1,0,1,0,1
1,0,1,0,1
1,0,0,0,1
1,0,0,0,1
1,0,0,0,1
1,0,1,0,1
1,0,0,0,1
1,0,0,0,1
1,0,1,0,1
1,0,0,0,1
1,0,0,0,1
1,0,0,0,1
1,0,0,0,1
1,0,0,0,1
1,0,0,0,1
1,0,0,0,1
1,0,1,0,1
1,0,0,0,1
1,0,0,0,1
1,0,0,0,1
1,0,1,0,1
1,0,0,0,1
1,0,0,0,1
1,0,1,0,1
1,0,0,0,1
1,0,0,0,1
1,0,0,0,1
1,0,1,0,1
1,0,0,0,1
1,0,0,0,1
1,0,0,0,1
1,0,0,0,1
1,0,0,0,1
1,0,0,0,1
1,0,0,0,1
1,0,0,0,1
1,0,0,0,1
1,0,0,0,1
1,0,0,0,1
1,0,0,0,1
1,0,1,0,1
1,0,0,0,1
1,0,0,0,1
1,0,1,0,1
1,0,1,0,1
1,0,0,0,1
1,0,0,0,1
1,0,0,0,1
1,0,1,0,1
1,0,0,0,1
1,0,0,0,1
1,0,0,0,1
1,0,0,0,1
1,0,0,0,1
1,0,0,0,1
1,0,1,0,1
1,0,0,0,1
1,0,0,0,1
1,0,0,0,1
1,0,0,0,1
1,0,0,0,1
1,0,0,0,1
1,0,0,0,1
1,0,0,0,1
1,0,1,0,1
1,0,0,0,1
1,0,0,0,1
1,0,0,0,1
1,0,0,0,1
1,0,0,0,1
1,0,0,0,1
1,0,0,0,1
1,0,0,0,1
1,0,0,0,1
1,0,0,0,1
1,0,0,0,1
1,0,0,0,1
1,0,0,0,1
1,0,0,0,0
1,0,0,0,0
1,0,1,0,0
1,0,0,0,0
1,0,0,0,0
1,0,0,0,0
1,0,0,0,0
1,0,1,0,0
1,0,0,0,0
1,0,0,0,0
1,0,0,0,0
1,0,0,0,0
1,0,0,0,0
1,0,0,0,0
1,0,0,0,0
1,0,0,0,0
1,0,0,0,0
1,0,0,0,0
1,0,0,0,0
1,0,0,0,0
1,0,0,0,0
1,0,0,0,0
1,0,0,0,0
1,0,0,0,0
1,0,0,0,0
1,0,0,0,0
1,0,0,0,0
1,0,0,0,0
1,0,0,0,0
1,0,1,0,0
1,0,0,0,0
1,0,0,0,0
1,0,0,0,0
1,0,0,0,0
1,0,0,0,0
1,0,0,0,0
1,0,0,0,0
1,0,0,0,0
1,0,0,0,0
1,0,0,0,0
1,0,1,0,0
1,0,0,0,0
1,0,1,0,0
1,0,0,0,0
1,0,0,0,0
1,0,0,0,0
1,0,0,0,0
1,0,0,0,0
1,0,0,0,0
1,0,0,0,0
1,0,1,0,0
1,0,0,0,0
1,0,0,0,0
1,0,0,0,0
1,0,0,0,0
1,0,0,0,0
1,0,0,0,0
1,0,0,0,0
1,0,0,0,0
1,0,0,0,0
1,0,0,0,0
1,0,0,0,0
1,0,0,0,0
1,0,0,0,0
1,0,1,0,0
1,0,0,0,0
1,0,0,0,0
1,0,0,0,0
1,0,0,0,0
1,0,0,0,0
1,0,0,0,0
1,0,1,0,0
1,0,1,0,0
1,0,0,0,0
1,0,1,0,0
1,0,0,0,0
1,0,0,0,0
1,0,1,0,0
1,0,0,0,0
1,0,0,0,0
1,0,0,0,0
1,0,0,0,0
1,0,1,0,0
1,0,0,0,0
1,0,0,0,0
1,0,0,0,0
1,0,1,0,0
1,0,1,0,0
1,0,1,0,0
1,0,0,0,0
1,0,0,0,0
1,0,1,0,0
1,0,0,0,0
1,0,0,0,0
1,0,0,0,0
1,0,0,0,0
1,0,0,0,0
1,0,1,0,0
1,0,0,0,0
1,0,1,0,0
1,0,0,0,0
1,0,0,0,0
1,0,0,0,0
1,0,0,0,0
1,0,0,0,0
1,0,0,0,0
1,0,1,0,0
1,0,0,0,0
1,0,0,0,0
1,0,1,0,0
1,0,0,0,0
1,0,0,0,0
1,0,0,0,0
1,0,1,0,0
1,0,0,0,0
1,0,0,0,0
1,0,0,0,0
1,0,0,0,0
1,0,0,0,0
1,0,0,0,0
1,0,0,0,0
1,0,0,0,0
1,0,0,0,0
1,0,0,0,0
1,0,0,0,0
1,0,0,0,0
1,0,0,0,0
1,0,1,0,0
1,0,0,0,0
1,0,0,0,0
1,0,0,0,0
1,0,0,0,0
1,0,0,0,0
1,0,0,0,0
1,0,0,0,0
1,0,1,0,0
1,0,0,0,0
1,0,1,0,0
1,0,0,0,0
1,0,0,0,0
1,0,0,0,0
1,0,0,0,0
1,0,0,0,0
1,0,0,0,0
1,0,1,0,0
1,0,0,0,0
1,0,0,0,0
1,0,0,0,0
1,0,0,0,0
1,0,0,0,0
1,0,1,1,1
1,0,0,1,1
1,0,0,1,1
1,0,1,1,1
1,0,0,1,1
1,0,0,1,1
1,0,1,1,1
1,0,1,1,1
1,0,0,1,1
1,0,0,1,1
1,0,0,1,1
1,0,0,1,1
1,0,0,1,1
1,0,1,1,1
1,0,1,1,1
1,0,0,1,1
1,0,0,1,1
1,0,0,1,1
1,0,0,1,1
1,0,0,1,1
1,0,0,1,1
1,0,0,1,1
1,0,0,1,1
1,0,1,1,1
1,0,0,1,1
1,0,0,1,1
1,0,0,1,1
1,0,1,1,1
1,0,0,1,1
1,0,0,1,1
1,0,0,1,1
1,0,1,1,1
1,0,0,1,1
1,0,0,1,1
1,0,0,1,1
1,0,0,1,1
1,0,0,1,1
1,0,0,1,1
1,0,0,1,1
1,0,0,1,1
1,0,0,1,1
1,0,0,1,1
1,0,0,1,1
1,0,1,1,1
1,0,0,1,1
1,0,0,1,1
1,0,0,1,1
1,0,1,1,1
1,0,0,1,1
1,0,0,1,1
1,0,0,1,1
1,0,0,1,1
1,0,0,1,1
1,0,0,1,1
1,0,0,1,1
1,0,1,1,1
1,0,0,1,1
1,0,0,1,1
1,0,0,1,1
1,0,1,1,1
1,0,1,1,1
1,0,0,1,1
1,0,0,1,1
1,0,1,1,1
1,0,0,1,1
1,0,0,1,1
1,0,1,1,1
1,0,1,1,1
1,0,1,1,1
1,0,0,1,1
1,0,1,1,1
1,0,0,1,1
1,0,0,1,1
1,0,1,1,1
1,0,1,1,1
1,0,0,1,0
1,0,0,1,0
1,0,0,1,0
1,0,0,1,0
1,0,0,1,0
1,0,0,1,0
1,0,0,1,0
1,0,0,1,0
1,0,1,1,0
1,0,0,1,0
1,0,0,1,0
1,0,0,1,0
1,0,0,1,0
1,0,1,1,0
1,0,1,1,0
1,0,1,1,0
1,0,0,1,0
1,0,1,1,0
1,0,0,1,0
1,0,0,1,0
1,0,0,1,0
1,0,1,1,0
1,0,1,1,0
1,0,1,1,0
1,0,0,1,0
1,0,0,1,0
1,0,0,1,0
1,0,0,1,0
1,0,0,1,0
1,0,1,1,0
1,0,0,1,0
1,0,0,1,0
1,0,0,1,0
1,0,1,1,0
1,0,0,1,0
1,0,0,1,0
1,0,1,1,0
1,0,1,1,0
1,0,0,1,0
1,0,0,1,0
1,0,0,1,0
1,0,0,1,0
1,0,0,1,0
1,0,0,1,0
1,0,0,1,0
1,0,0,1,0
1,0,0,1,0
1,0,0,1,0
1,0,0,1,0
1,0,0,1,0
1,0,0,1,0
1,0,0,1,0
1,0,0,1,0
1,0,0,1,0
1,0,0,1,0
1,0,0,1,0
1,0,1,1,0
1,0,1,1,0
1,0,0,1,0
1,0,0,1,0
1,0,1,1,0
1,0,0,1,0
1,0,0,1,0
1,0,0,1,0
1,0,0,1,0
1,0,0,1,0
1,0,0,1,0
1,0,1,1,0
1,0,0,1,0
1,0,0,1,0
1,0,1,1,0
1,0,1,1,0
1,0,0,1,0
1,0,0,1,0
1,0,0,1,0
1,0,0,1,0
1,0,0,1,0
1,0,0,1,0
1,0,0,1,0
1,0,0,1,0
1,0,0,1,0
1,0,1,1,0
1,0,0,1,0
1,0,0,1,0
1,0,0,1,0
1,0,1,1,0
1,0,0,1,0
1,0,0,1,0
1,0,0,1,0
1,0,0,1,0
1,0,0,1,0
1,0,0,1,0
1,0,0,1,0
1,0,0,1,0
1,0,0,1,0
1,0,1,1,0
1,0,0,1,0
1,0,0,1,0
1,0,0,1,0
1,0,0,1,0
1,0,0,1,0
1,0,0,1,0
1,0,0,1,0
1,0,0,1,0
1,0,0,1,0
1,0,0,1,0
1,0,0,1,0
1,0,0,1,0
1,0,0,1,0
1,0,0,1,0
1,0,0,1,0
1,0,1,1,0
1,0,0,1,0
1,0,1,1,0
1,0,0,1,0
1,0,0,1,0
1,0,1,1,0
1,0,0,1,0
1,0,1,1,0
1,0,1,1,0
1,0,0,1,0
1,0,0,1,0
1,0,0,1,0
1,0,0,1,0
1,0,0,1,0
1,0,0,1,0
1,0,0,1,0
1,0,1,1,0
1,0,0,1,0
1,0,1,1,0
1,0,0,1,0
1,0,0,1,0
1,0,0,1,0
1,0,1,1,0
1,0,0,1,0
1,0,0,1,0
1,0,0,1,0
1,0,0,1,0
1,0,0,1,0
1,0,0,1,0
1,0,1,1,0
1,0,0,1,0
1,0,0,1,0
1,0,0,1,0
1,0,0,1,0
1,0,1,1,0
1,0,0,1,0
1,0,0,1,0
1,0,1,1,0
1,0,1,1,0
1,0,0,1,0
1,0,0,1,0
1,0,0,1,0
1,0,0,1,0
1,0,1,1,0
1,0,0,1,0
1,0,0,1,0
1,0,1,1,0
1,0,1,1,0
1,0,1,1,0
1,0,0,1,0
1,0,0,1,0
1,0,0,1,0
1,0,0,1,0
1,0,0,1,0
1,0,0,1,0
1,0,1,1,0
1,0,0,1,0
1,0,0,1,0
1,0,0,1,0
1,0,0,1,0
1,0,0,1,0
1,0,0,1,0
1,0,1,1,0
1,0,0,1,0
1,1,0,0,1
1,1,0,0,1
1,1,0,0,1
1,1,0,0,1
1,1,0,0,1
1,1,0,0,1
1,1,0,0,1
1,1,0,0,1
1,1,0,0,1
1,1,0,0,1
1,1,0,0,1
1,1,0,0,1
1,1,0,0,1
1,1,0,0,1
1,1,0,0,1
1,1,1,0,1
1,1,0,0,1
1,1,0,0,1
1,1,1,0,1
1,1,0,0,1
1,1,0,0,1
1,1,0,0,1
1,1,1,0,1
1,1,0,0,1
1,1,0,0,1
1,1,1,0,1
1,1,0,0,1
1,1,0,0,1
1,1,1,0,1
1,1,0,0,1
1,1,0,0,1
1,1,1,0,1
1,1,0,0,1
1,1,1,0,1
1,1,0,0,1
1,1,0,0,1
1,1,0,0,1
1,1,0,0,1
1,1,0,0,1
1,1,0,0,1
1,1,0,0,0
1,1,1,0,0
1,1,1,0,0
1,1,0,0,0
1,1,0,0,0
1,1,1,0,0
1,1,0,0,0
1,1,0,0,0
1,1,0,0,0
1,1,0,0,0
1,1,1,0,0
1,1,0,0,0
1,1,0,0,0
1,1,0,0,0
1,1,0,0,0
1,1,0,0,0
1,1,0,0,0
1,1,0,0,0
1,1,0,0,0
1,1,1,0,0
1,1,0,0,0
1,1,0,0,0
1,1,0,0,0
1,1,0,0,0
1,1,0,0,0
1,1,1,0,0
1,1,0,0,0
1,1,0,0,0
1,1,0,0,0
1,1,0,0,0
1,1,0,0,0
1,1,0,0,0
1,1,0,0,0
1,1,0,0,0
1,1,1,0,0
1,1,0,0,0
1,1,0,0,0
1,1,0,0,0
1,1,0,0,0
1,1,0,0,0
1,1,0,0,0
1,1,0,0,0
1,1,0,0,0
1,1,0,0,0
1,1,0,0,0
1,1,1,0,0
1,1,0,0,0
1,1,0,0,0
1,1,0,0,0
1,1,0,0,0
1,1,1,0,0
1,1,1,0,0
1,1,0,0,0
1,1,0,0,0
1,1,0,0,0
1,1,0,0,0
1,1,0,0,0
1,1,0,0,0
1,1,0,0,0
1,1,1,0,0
1,1,0,0,0
1,1,0,0,0
1,1,0,0,0
1,1,0,0,0
1,1,1,0,0
1,1,0,0,0
1,1,0,0,0
1,1,0,0,0
1,1,0,0,0
1,1,1,0,0
1,1,1,0,0
1,1,0,0,0
1,1,0,0,0
1,1,0,0,0
1,1,0,0,0
1,1,0,0,0
1,1,0,0,0
1,1,0,0,0
1,1,1,0,0
1,1,0,0,0
1,1,0,0,0
1,1,0,0,0
1,1,0,0,0
1,1,1,0,0
1,1,0,0,0
1,1,0,0,0
1,1,0,0,0
1,1,0,0,0
1,1,0,0,0
1,1,0,0,0
1,1,0,0,0
1,1,1,0,0
1,1,1,0,0
1,1,0,0,0
1,1,0,0,0
1,1,0,0,0
1,1,0,0,0
1,1,0,0,0
1,1,0,0,0
1,1,0,0,0
1,1,0,0,0
1,1,0,0,0
1,1,0,0,0
1,1,1,0,0
1,1,1,0,0
1,1,0,0,0
1,1,0,0,0
1,1,0,0,0
1,1,0,0,0
1,1,0,0,0
1,1,0,0,0
1,1,0,0,0
1,1,0,0,0
1,1,0,0,0
1,1,0,0,0
1,1,1,0,0
1,1,0,0,0
1,1,0,0,0
1,1,0,0,0
1,1,0,0,0
1,1,0,0,0
1,1,0,0,0
1,1,0,0,0
1,1,0,0,0
1,1,0,0,0
1,1,0,0,0
1,1,1,0,0
1,1,0,0,0
1,1,0,0,0
1,1,0,0,0
1,1,0,0,0
1,1,1,0,0
1,1,0,0,0
1,1,0,0,0
1,1,0,0,0
1,1,0,0,0
1,1,0,0,0
1,1,1,0,0
1,1,1,0,0
1,1,0,0,0
1,1,1,0,0
1,1,0,0,0
1,1,0,0,0
1,1,0,0,0
1,1,0,0,0
1,1,0,0,0
1,1,0,0,0
1,1,1,0,0
1,1,0,0,0
1,1,0,0,0
1,1,0,0,0
1,1,0,0,0
1,1,0,0,0
1,1,0,0,0
1,1,1,0,0
1,1,1,0,0
1,1,0,0,0
1,1,0,0,0
1,1,0,0,0
1,1,0,0,0
1,1,1,0,0
1,1,0,0,0
1,1,0,0,0
1,1,0,0,0
1,1,0,0,0
1,1,0,0,0
1,1,1,0,0
1,1,0,0,0
1,1,1,0,0
1,1,0,0,0
1,1,0,0,0
1,1,0,0,0
1,1,0,0,0
1,1,0,0,0
1,1,0,0,0
1,1,0,0,0
1,1,0,0,0
1,1,1,0,0
1,1,0,0,0
1,1,0,0,0
1,1,0,0,0
1,1,0,0,0
1,1,0,0,0
1,1,0,0,0
1,1,1,0,0
1,1,0,0,0
1,1,1,0,0
1,1,0,0,0
1,1,0,0,0
1,1,1,0,0
1,1,0,0,0
1,1,0,0,0
1,1,0,0,0
1,1,1,0,0
1,1,0,0,0
1,1,0,0,0
1,1,0,0,0
1,1,0,0,0
1,1,1,0,0
1,1,0,0,0
1,1,0,0,0
1,1,0,0,0
1,1,1,0,0
1,1,0,0,0
1,1,0,0,0
1,1,1,0,0
1,1,0,0,0
1,1,0,0,0
1,1,0,0,0
1,1,0,0,0
1,1,0,0,0
1,1,0,0,0
1,1,1,0,0
1,1,0,0,0
1,1,0,0,0
1,1,0,0,0
1,1,1,0,0
1,1,0,0,0
1,1,0,0,0
1,1,0,0,0
1,1,0,0,0
1,1,0,0,0
1,1,0,0,0
1,1,0,0,0
1,1,0,0,0
1,1,0,0,0
1,1,0,0,0
1,1,0,0,0
1,1,0,0,0
1,1,0,0,0
1,1,0,0,0
1,1,1,0,0
1,1,0,0,0
1,1,0,0,0
1,1,0,0,0
1,1,1,0,0
1,1,1,0,0
1,1,0,0,0
1,1,0,0,0
1,1,0,0,0
1,1,0,0,0
1,1,0,0,0
1,1,0,0,0
1,1,0,0,0
1,1,0,0,0
1,1,0,0,0
1,1,0,0,0
1,1,1,0,0
1,1,0,0,0
1,1,0,0,0
1,1,0,0,0
1,1,0,0,0
1,1,0,0,0
1,1,0,0,0
1,1,0,0,0
1,1,0,0,0
1,1,0,0,0
1,1,0,0,0
1,1,0,0,0
1,1,0,0,0
1,1,1,0,0
1,1,0,0,0
1,1,0,0,0
1,1,0,0,0
1,1,0,0,0
1,1,0,0,0
1,1,0,0,0
1,1,0,0,0
1,1,0,0,0
1,1,0,0,0
1,1,0,0,0
1,1,0,0,0
1,1,1,0,0
1,1,0,0,0
1,1,0,0,0
1,1,0,0,0
1,1,0,0,0
1,1,1,0,0
1,1,0,0,0
1,1,0,0,0
1,1,0,0,0
1,1,0,0,0
1,1,0,0,0
1,1,0,0,0
1,1,1,0,0
1,1,0,0,0
1,1,0,0,0
1,1,0,0,0
1,1,0,0,0
1,1,1,0,0
1,1,0,0,0
1,1,0,0,0
1,1,1,0,0
1,1,0,0,0
1,1,1,0,0
1,1,0,0,0
1,1,0,0,0
1,1,0,0,0
1,1,0,0,0
1,1,1,0,0
1,1,0,0,0
1,1,0,0,0
1,1,0,0,0
1,1,0,0,0
1,1,0,0,0
1,1,0,0,0
1,1,0,0,0
1,1,1,0,0
1,1,0,0,0
1,1,1,0,0
1,1,0,0,0
1,1,0,0,0
1,1,0,0,0
1,1,0,0,0
1,1,0,0,0
1,1,0,0,0
1,1,0,0,0
1,1,0,0,0
1,1,0,0,0
1,1,0,0,0
1,1,0,0,0
1,1,0,0,0
1,1,1,0,0
1,1,0,0,0
1,1,0,0,0
1,1,0,0,0
1,1,0,0,0
1,1,0,0,0
1,1,0,0,0
1,1,0,0,0
1,1,0,0,0
1,1,1,0,0
1,1,1,0,0
1,1,0,0,0
1,1,1,0,0
1,1,0,0,0
1,1,0,0,0
1,1,0,0,0
1,1,0,0,0
1,1,0,0,0
1,1,0,0,0
1,1,0,0,0
1,1,0,0,0
1,1,0,0,0
1,1,0,0,0
1,1,0,0,0
1,1,0,0,0
1,1,0,0,0
1,1,0,0,0
1,1,0,0,0
1,1,0,0,0
1,1,1,0,0
1,1,0,0,0
1,1,0,0,0
1,1,0,0,0
1,1,0,0,0
1,1,0,0,0
1,1,0,0,0
1,1,0,0,0
1,1,0,0,0
1,1,0,1,1
1,1,0,1,1
1,1,0,1,1
1,1,0,1,1
1,1,0,1,1
1,1,1,1,1
1,1,1,1,1
1,1,0,1,1
1,1,0,1,1
1,1,0,1,1
1,1,0,1,1
1,1,0,1,1
1,1,0,1,1
1,1,0,1,1
1,1,0,1,1
1,1,1,1,1
1,1,0,1,1
1,1,0,1,1
1,1,0,1,1
1,1,1,1,1
1,1,0,1,1
1,1,0,1,1
1,1,1,1,1
1,1,0,1,1
1,1,0,1,1
1,1,0,1,1
1,1,0,1,1
1,1,0,1,1
1,1,0,1,1
1,1,0,1,1
1,1,0,1,0
1,1,1,1,0
1,1,0,1,0
1,1,0,1,0
1,1,0,1,0
1,1,0,1,0
1,1,0,1,0
1,1,1,1,0
1,1,0,1,0
1,1,0,1,0
1,1,0,1,0
1,1,0,1,0
1,1,0,1,0
1,1,0,1,0
1,1,0,1,0
1,1,0,1,0
1,1,1,1,0
1,1,1,1,0
1,1,0,1,0
1,1,1,1,0
1,1,1,1,0
1,1,1,1,0
1,1,0,1,0
1,1,0,1,0
1,1,0,1,0
1,1,1,1,0
1,1,0,1,0
1,1,0,1,0
1,1,0,1,0
1,1,0,1,0
1,1,0,1,0
1,1,0,1,0
1,1,0,1,0
1,1,1,1,0
1,1,1,1,0
1,1,0,1,0
1,1,0,1,0
1,1,1,1,0
1,1,0,1,0
1,1,0,1,0
1,1,0,1,0
1,1,0,1,0
1,1,0,1,0
1,1,0,1,0
1,1,0,1,0
1,1,1,1,0
1,1,0,1,0
1,1,0,1,0
1,1,0,1,0
1,1,0,1,0
1,1,0,1,0
1,1,0,1,0
1,1,0,1,0
1,1,0,1,0
1,1,0,1,0
1,1,1,1,0
1,1,0,1,0
1,1,0,1,0
1,1,0,1,0
1,1,0,1,0
1,1,0,1,0
1,1,0,1,0
1,1,1,1,0
1,1,0,1,0
1,1,1,1,0
1,1,1,1,0
1,1,0,1,0
1,1,0,1,0
1,1,0,1,0
1,1,0,1,0
