"educ_low","income_low","age_young","use_tool","identify_misinfo"
0,0,0,0,1
0,0,0,0,1
0,0,0,0,1
0,0,0,0,1
0,0,0,0,1
0,0,1,0,1
0,0,0,0,1
0,0,0,0,1
0,0,0,0,1
0,0,0,0,1
0,0,0,0,1
0,0,1,0,1
0,0,0,0,1
0,0,0,0,1
0,0,0,0,1
0,0,0,0,1
0,0,0,0,1
0,0,0,0,1
0,0,0,0,1
0,0,0,0,1
0,0,1,0,1
0,0,1,0,1
0,0,0,0,1
0,0,1,0,1
0,0,0,0,1
0,0,0,0,1
0,0,0,0,1
0,0,0,0,1
0,0,0,0,1
0,0,0,0,1
0,0,0,0,1
0,0,0,0,1
0,0,0,0,1
0,0,0,0,1
0,0,0,0,1
0,0,1,0,1
0,0,0,0,1
0,0,0,0,1
0,0,0,0,1
0,0,1,0,1
0,0,0,0,1
0,0,0,0,1
0,0,0,0,1
0,0,0,0,1
0,0,1,0,1
0,0,1,0,1
0,0,0,0,1
0,0,0,0,1
0,0,1,0,1
0,0,0,0,1
0,0,0,0,1
0,0,0,0,1
0,0,0,0,1
0,0,0,0,1
0,0,1,0,1
0,0,0,0,1
0,0,1,0,1
0,0,0,0,1
0,0,0,0,1
0,0,0,0,1
0,0,1,0,1
0,0,0,0,1
0,0,1,0,1
0,0,0,0,1
0,0,0,0,1
0,0,0,0,1
0,0,0,0,1
0,0,1,0,1
0,0,0,0,1
0,0,0,0,1
0,0,0,0,1
0,0,0,0,1
0,0,0,0,1
0,0,0,0,1
0,0,0,0,1
0,0,0,0,1
0,0,0,0,1
0,0,0,0,1
0,0,1,0,1
0,0,1,0,1
0,0,0,0,1
0,0,0,0,1
0,0,0,0,1
0,0,0,0,1
0,0,1,0,1
0,0,0,0,1
0,0,0,0,1
0,0,1,0,1
0,0,0,0,1
0,0,0,0,1
0,0,1,0,0
0,0,1,0,0
0,0,0,0,0
0,0,1,0,0
0,0,0,0,0
0,0,0,0,0
0,0,0,0,0
0,0,1,0,0
0,0,0,0,0
0,0,0,0,0
0,0,0,1,1
0,0,0,1,1
0,0,1,1,1
0,0,0,1,1
0,0,0,1,1
0,0,0,1,1
0,0,1,1,1
0,0,0,1,1
0,0,0,1,1
0,0,1,1,1
0,0,0,1,1
0,0,0,1,1
0,0,0,1,1
0,0,1,1,1
0,0,0,1,1
0,0,0,1,1
0,0,0,1,1
0,0,0,1,1
0,0,0,1,1
0,0,0,1,1
0,0,0,1,1
0,0,1,1,1
0,0,0,1,1
0,0,1,1,1
0,0,1,1,1
0,0,0,1,1
0,0,0,1,1
0,0,0,1,1
0,0,0,1,1
0,0,0,1,1
0,0,0,1,1
0,0,0,1,1
0,0,0,1,1
0,0,1,1,1
0,0,0,1,1
0,0,0,1,1
0,0,0,1,1
0,0,0,1,1
0,0,0,1,1
0,0,1,1,1
0,0,0,1,1
0,0,1,1,1
0,0,0,1,1
0,0,0,1,1
0,0,0,1,1
0,0,0,1,1
0,0,0,1,1
0,0,0,1,1
0,0,0,1,1
0,0,0,1,1
0,0,0,1,1
0,0,0,1,1
0,0,0,1,1
0,0,0,1,1
0,0,0,1,1
0,0,0,1,1
0,0,1,1,1
0,0,0,1,1
0,0,0,1,1
0,0,0,1,1
0,0,1,1,1
0,0,0,1,1
0,0,0,1,1
0,0,0,1,1
0,0,0,1,1
0,0,0,1,1
0,0,0,1,1
0,0,1,1,1
0,0,0,1,1
0,0,0,1,1
0,0,0,1,1
0,0,0,1,1
0,0,0,1,1
0,0,0,1,1
0,0,0,1,1
0,0,0,1,1
0,0,0,1,1
0,0,0,1,1
0,0,0,1,1
0,0,1,1,1
0,0,0,1,1
0,0,0,1,1
0,0,0,1,1
0,0,0,1,1
0,0,0,1,1
0,0,1,1,1
0,0,0,1,1
0,0,1,1,1
0,0,0,1,1
0,0,0,1,1
0,0,0,1,1
0,0,0,1,1
0,0,0,1,1
0,0,0,1,1
0,0,0,1,1
0,0,0,1,1
0,0,0,1,1
0,0,1,1,1
0,0,0,1,1
0,0,0,1,1
0,0,1,1,1
0,0,0,1,1
0,0,0,1,1
0,0,0,1,1
0,0,0,1,1
0,0,1,1,1
0,0,0,1,1
0,0,0,1,1
0,0,0,1,1
0,0,0,1,1
0,0,1,1,1
0,0,0,1,1
0,0,0,1,1
0,0,0,1,1
0,0,0,1,1
0,0,0,1,1
0,0,0,1,1
0,0,0,1,1
0,0,0,1,1
0,0,0,1,1
0,0,1,1,1
0,0,1,1,1
0,0,0,1,1
0,0,0,1,1
0,0,1,1,1
0,0,0,1,1
0,0,0,1,1
0,0,1,1,1
0,0,0,1,1
0,0,0,1,1
0,0,0,1,1
0,0,0,1,1
0,0,1,1,1
0,0,0,1,1
0,0,0,1,1
0,0,1,1,1
0,0,0,1,1
0,0,0,1,1
0,0,1,1,1
0,0,0,1,1
0,0,0,1,1
0,0,0,1,1
0,0,0,1,1
0,0,0,1,1
0,0,1,1,1
0,0,0,1,1
0,0,0,1,1
0,0,0,1,1
0,0,0,1,1
0,0,0,1,1
0,0,0,1,1
0,0,1,1,1
0,0,0,1,1
0,0,0,1,1
0,0,0,1,1
0,0,0,1,1
0,0,0,1,1
0,0,0,1,1
0,0,0,1,1
0,0,0,1,1
0,0,0,1,1
0,0,0,1,1
0,0,1,1,1
0,0,0,1,1
0,0,0,1,1
0,0,1,1,1
0,0,0,1,1
0,0,0,1,1
0,0,0,1,1
0,0,0,1,1
0,0,0,1,1
0,0,0,1,1
0,0,0,1,1
0,0,1,1,1
0,0,0,1,1
0,0,0,1,1
0,0,0,1,1
0,0,0,1,1
0,0,0,1,1
0,0,0,1,1
0,0,0,1,1
0,0,0,1,1
0,0,0,1,1
0,0,1,1,1
0,0,0,1,1
0,0,0,1,1
0,0,0,1,1
0,0,1,1,1
0,0,0,1,1
0,0,0,1,1
0,0,1,1,1
0,0,0,1,1
0,0,1,1,1
0,0,0,1,1
0,0,0,1,1
0,0,1,1,1
0,0,0,1,1
0,0,0,1,1
0,0,0,1,1
0,0,0,1,1
0,0,0,1,1
0,0,0,1,1
0,0,1,1,1
0,0,0,1,1
0,0,1,1,1
0,0,1,1,1
0,0,0,1,1
0,0,0,1,1
0,0,0,1,1
0,0,0,1,1
0,0,0,1,1
0,0,0,1,1
0,0,0,1,1
0,0,0,1,1
0,0,0,1,1
0,0,0,1,1
0,0,0,1,1
0,0,0,1,1
0,0,0,1,1
0,0,0,1,1
0,0,0,1,1
0,0,0,1,1
0,0,1,1,1
0,0,0,1,1
0,0,0,1,1
0,0,1,1,1
0,0,1,1,1
0,0,0,1,1
0,0,0,1,1
0,0,0,1,1
0,0,0,1,1
0,0,0,1,1
0,0,0,1,1
0,0,0,1,1
0,0,0,1,1
0,0,0,1,1
0,0,0,1,1
0,0,0,1,1
0,0,0,1,1
0,0,0,1,1
0,0,0,1,1
0,0,1,1,1
0,0,0,1,1
0,0,0,1,1
0,0,0,1,1
0,0,0,1,1
0,0,0,1,1
0,0,1,1,1
0,0,0,1,1
0,0,0,1,1
0,0,1,1,1
0,0,0,1,1
0,0,0,1,1
0,0,0,1,1
0,0,0,1,1
0,0,0,1,1
0,0,0,1,1
0,0,0,1,1
0,0,0,1,1
0,0,0,1,1
0,0,0,1,1
0,0,1,1,1
0,0,1,1,1
0,0,0,1,1
0,0,0,1,1
0,0,0,1,1
0,0,0,1,1
0,0,0,1,1
0,0,0,1,1
0,0,0,1,1
0,0,0,1,1
0,0,0,1,1
0,0,0,1,1
0,0,0,1,1
0,0,0,1,1
0,0,0,1,1
0,0,0,1,1
0,0,0,1,1
0,0,0,1,1
0,0,1,1,1
0,0,1,1,0
0,0,1,1,0
0,0,1,1,0
0,0,0,1,0
0,0,0,1,0
0,0,0,1,0
0,0,0,1,0
0,0,0,1,0
0,0,0,1,0
0,0,0,1,0
0,0,0,1,0
0,0,1,1,0
0,0,0,1,0
0,0,1,1,0
0,0,0,1,0
0,0,0,1,0
0,0,0,1,0
0,0,0,1,0
0,0,0,1,0
0,0,0,1,0
0,0,0,1,0
0,0,0,1,0
0,0,0,1,0
0,0,0,1,0
0,0,1,1,0
0,0,0,1,0
0,0,1,1,0
0,0,0,1,0
0,0,0,1,0
0,0,0,1,0
0,0,0,1,0
0,0,1,1,0
0,0,0,1,0
0,0,1,1,0
0,0,0,1,0
0,0,1,1,0
0,0,0,1,0
0,0,0,1,0
0,0,1,1,0
0,0,0,1,0
0,0,0,1,0
0,0,0,1,0
0,0,0,1,0
0,0,0,1,0
0,0,0,1,0
0,0,0,1,0
0,0,0,1,0
0,0,0,1,0
0,0,0,1,0
0,0,0,1,0
0,0,0,1,0
0,0,0,1,0
0,0,0,1,0
0,0,0,1,0
0,0,0,1,0
0,0,0,1,0
0,0,1,1,0
0,0,0,1,0
0,0,0,1,0
0,0,0,1,0
0,0,0,1,0
0,0,1,1,0
0,0,0,1,0
0,0,0,1,0
0,0,0,1,0
0,0,0,1,0
0,0,1,1,0
0,0,0,1,0
0,0,0,1,0
0,0,0,1,0
0,0,0,1,0
0,0,0,1,0
0,0,0,1,0
0,0,1,1,0
0,0,0,1,0
0,0,0,1,0
0,0,1,1,0
0,0,1,1,0
0,0,0,1,0
0,0,0,1,0
0,0,0,1,0
0,0,0,1,0
0,0,0,1,0
0,0,1,1,0
0,0,0,1,0
0,0,0,1,0
0,0,1,1,0
0,0,0,1,0
0,0,0,1,0
0,0,1,1,0
0,0,0,1,0
0,0,1,1,0
0,0,0,1,0
0,0,0,1,0
0,0,0,1,0
0,0,0,1,0
0,0,0,1,0
0,0,0,1,0
0,0,1,1,0
0,0,0,1,0
0,0,0,1,0
0,0,0,1,0
0,0,0,1,0
0,0,0,1,0
0,0,0,1,0
0,0,0,1,0
0,0,0,1,0
0,0,0,1,0
0,0,0,1,0
0,0,0,1,0
0,0,0,1,0
0,0,0,1,0
0,0,0,1,0
0,0,0,1,0
0,0,0,1,0
0,0,0,1,0
0,0,0,1,0
0,0,1,1,0
0,0,1,1,0
0,0,1,1,0
1,0,0,0,1
1,0,1,0,1
1,0,0,0,1
1,0,1,0,1
1,0,0,0,1
1,0,0,0,1
1,0,0,0,1
1,0,0,0,1
1,0,0,0,1
1,0,0,0,1
1,0,0,0,1
1,0,0,0,1
1,0,0,0,1
1,0,1,0,1
1,0,0,0,1
1,0,1,0,1
1,0,0,0,1
1,0,0,0,1
1,0,1,0,1
1,0,0,0,1
1,0,0,0,1
1,0,0,0,1
1,0,1,0,1
1,0,1,0,1
1,0,0,0,1
1,0,0,0,1
1,0,0,0,1
1,0,1,0,1
1,0,0,0,1
1,0,0,0,1
1,0,1,0,1
1,0,0,0,1
1,0,0,0,1
1,0,0,0,1
1,0,0,0,1
1,0,0,0,1
1,0,0,0,1
1,0,0,0,1
1,0,1,0,1
1,0,0,0,1
1,0,0,0,1
1,0,0,0,1
1,0,1,0,1
1,0,0,0,1
1,0,0,0,1
1,0,1,0,1
1,0,0,0,1
1,0,0,0,1
1,0,0,0,1
1,0,1,0,1
1,0,0,0,1
1,0,0,0,1
1,0,0,0,1
1,0,0,0,1
1,0,0,0,1
1,0,0,0,1
1,0,0,0,1
1,0,0,0,1
1,0,0,0,1
1,0,0,0,1
1,0,0,0,1
1,0,0,0,1
1,0,1,0,1
1,0,0,0,1
1,0,0,0,1
1,0,1,0,1
1,0,1,0,1
1,0,0,0,1
1,0,0,0,1
1,0,0,0,1
1,0,1,0,1
1,0,0,0,1
1,0,0,0,1
1,0,0,0,1
1,0,0,0,1
1,0,0,0,1
1,0,0,0,1
1,0,1,0,1
1,0,0,0,1
1,0,0,0,1
1,0,0,0,1
1,0,0,0,1
1,0,0,0,1
1,0,0,0,1
1,0,0,0,1
1,0,0,0,1
1,0,1,0,1
1,0,0,0,1
1,0,0,0,1
1,0,0,0,1
1,0,0,0,1
1,0,0,0,1
1,0,0,0,1
1,0,0,0,1
1,0,0,0,1
1,0,0,0,1
1,0,0,0,1
1,0,0,0,1
1,0,0,0,1
1,0,0,0,1
1,0,0,0,0
1,0,0,0,0
1,0,1,0,0
1,0,0,0,0
1,0,0,0,0
1,0,0,0,0
1,0,0,0,0
1,0,1,0,0
1,0,0,0,0
1,0,0,0,0
1,0,0,0,0
1,0,0,0,0
1,0,0,0,0
1,0,0,0,0
1,0,0,0,0
1,0,0,0,0
1,0,0,0,0
1,0,0,0,0
1,0,0,0,0
1,0,0,0,0
1,0,0,0,0
1,0,0,0,0
1,0,0,0,0
1,0,0,0,0
1,0,0,0,0
1,0,0,0,0
1,0,0,0,0
1,0,0,0,0
1,0,0,0,0
1,0,1,0,0
1,0,0,0,0
1,0,0,0,0
1,0,0,0,0
1,0,0,0,0
1,0,0,0,0
1,0,0,0,0
1,0,0,0,0
1,0,0,0,0
1,0,0,0,0
1,0,0,0,0
1,0,1,0,0
1,0,0,0,0
1,0,1,0,0
1,0,0,0,0
1,0,0,0,0
1,0,0,0,0
1,0,0,0,0
1,0,0,0,0
1,0,0,0,0
1,0,0,0,0
1,0,1,0,0
1,0,0,0,0
1,0,0,0,0
1,0,0,0,0
1,0,0,0,0
1,0,0,0,0
1,0,0,0,0
1,0,0,0,0
1,0,0,0,0
1,0,0,0,0
1,0,0,0,0
1,0,0,0,0
1,0,0,0,0
1,0,0,0,0
1,0,1,0,0
1,0,0,0,0
1,0,0,0,0
1,0,0,0,0
1,0,0,0,0
1,0,0,0,0
1,0,0,0,0
1,0,1,0,0
1,0,1,0,0
1,0,0,0,0
1,0,1,0,0
1,0,0,0,0
1,0,0,0,0
1,0,1,0,0
1,0,0,0,0
1,0,0,0,0
1,0,0,0,0
1,0,0,0,0
1,0,1,0,0
1,0,0,0,0
1,0,0,0,0
1,0,0,0,0
1,0,1,0,0
1,0,1,0,0
1,0,1,0,0
1,0,0,0,0
1,0,0,0,0
1,0,1,0,0
1,0,0,0,0
1,0,0,0,0
1,0,0,0,0
1,0,0,0,0
1,0,0,0,0
1,0,1,0,0
1,0,0,0,0
1,0,1,0,0
1,0,0,0,0
1,0,0,0,0
1,0,0,0,0
1,0,0,0,0
1,0,0,0,0
1,0,0,0,0
1,0,1,0,0
1,0,0,0,0
1,0,0,0,0
1,0,1,0,0
1,0,0,0,0
1,0,0,0,0
1,0,0,0,0
1,0,1,0,0
1,0,0,0,0
1,0,0,0,0
1,0,0,0,0
1,0,0,0,0
1,0,0,0,0
1,0,0,0,0
1,0,0,0,0
1,0,0,0,0
1,0,0,0,0
1,0,0,0,0
1,0,0,0,0
1,0,0,0,0
1,0,0,0,0
1,0,1,0,0
1,0,0,0,0
1,0,0,0,0
1,0,0,0,0
1,0,0,0,0
1,0,0,0,0
1,0,0,0,0
1,0,0,0,0
1,0,1,0,0
1,0,0,0,0
1,0,1,0,0
1,0,0,0,0
1,0,0,0,0
1,0,0,0,0
1,0,0,0,0
1,0,0,0,0
1,0,0,0,0
1,0,1,0,0
1,0,0,0,0
1,0,0,0,0
1,0,0,0,0
1,0,0,0,0
1,0,0,0,0
1,0,1,1,1
1,0,0,1,1
1,0,0,1,1
1,0,1,1,1
1,0,0,1,1
1,0,0,1,1
1,0,1,1,1
1,0,1,1,1
1,0,0,1,1
1,0,0,1,1
1,0,0,1,1
1,0,0,1,1
1,0,0,1,1
1,0,1,1,1
1,0,1,1,1
1,0,0,1,1
1,0,0,1,1
1,0,0,1,1
1,0,0,1,1
1,0,0,1,1
1,0,0,1,1
1,0,0,1,1
1,0,0,1,1
1,0,1,1,1
1,0,0,1,1
1,0,0,1,1
1,0,0,1,1
1,0,1,1,1
1,0,0,1,1
1,0,0,1,1
1,0,0,1,1
1,0,1,1,1
1,0,0,1,1
1,0,0,1,1
1,0,0,1,1
1,0,0,1,1
1,0,0,1,1
1,0,0,1,1
1,0,0,1,1
1,0,0,1,1
1,0,0,1,1
1,0,0,1,1
1,0,0,1,1
1,0,1,1,1
1,0,0,1,1
1,0,0,1,1
1,0,0,1,1
1,0,1,1,1
1,0,0,1,1
1,0,0,1,1
1,0,0,1,1
1,0,0,1,1
1,0,0,1,1
1,0,0,1,1
1,0,0,1,1
1,0,1,1,1
1,0,0,1,1
1,0,0,1,1
1,0,0,1,1
1,0,1,1,1
1,0,1,1,1
1,0,0,1,1
1,0,0,1,1
1,0,1,1,1
1,0,0,1,1
1,0,0,1,1
1,0,1,1,1
1,0,1,1,1
1,0,1,1,1
1,0,0,1,1
1,0,1,1,1
1,0,0,1,1
1,0,0,1,1
1,0,1,1,1
1,0,1,1,1
1,0,0,1,0
1,0,0,1,0
1,0,0,1,0
1,0,0,1,0
1,0,0,1,0
1,0,0,1,0
1,0,0,1,0
1,0,0,1,0
1,0,1,1,0
1,0,0,1,0
1,0,0,1,0
1,0,0,1,0
1,0,0,1,0
1,0,1,1,0
1,0,1,1,0
1,0,1,1,0
1,0,0,1,0
1,0,1,1,0
1,0,0,1,0
1,0,0,1,0
1,0,0,1,0
1,0,1,1,0
1,0,1,1,0
1,0,1,1,0
1,0,0,1,0
1,0,0,1,0
1,0,0,1,0
1,0,0,1,0
1,0,0,1,0
1,0,1,1,0
1,0,0,1,0
1,0,0,1,0
1,0,0,1,0
1,0,1,1,0
1,0,0,1,0
1,0,0,1,0
1,0,1,1,0
1,0,1,1,0
1,0,0,1,0
1,0,0,1,0
1,0,0,1,0
1,0,0,1,0
1,0,0,1,0
1,0,0,1,0
1,0,0,1,0
1,0,0,1,0
1,0,0,1,0
1,0,0,1,0
1,0,0,1,0
1,0,0,1,0
1,0,0,1,0
1,0,0,1,0
1,0,0,1,0
1,0,0,1,0
1,0,0,1,0
1,0,0,1,0
1,0,1,1,0
1,0,1,1,0
1,0,0,1,0
1,0,0,1,0
1,0,1,1,0
1,0,0,1,0
1,0,0,1,0
1,0,0,1,0
1,0,0,1,0
1,0,0,1,0
1,0,0,1,0
1,0,1,1,0
1,0,0,1,0
1,0,0,1,0
1,0,1,1,0
1,0,1,1,0
1,0,0,1,0
1,0,0,1,0
1,0,0,1,0
1,0,0,1,0
1,0,0,1,0
1,0,0,1,0
1,0,0,1,0
1,0,0,1,0
1,0,0,1,0
1,0,1,1,0
1,0,0,1,0
1,0,0,1,0
1,0,0,1,0
1,0,1,1,0
1,0,0,1,0
1,0,0,1,0
1,0,0,1,0
1,0,0,1,0
1,0,0,1,0
1,0,0,1,0
1,0,0,1,0
1,0,0,1,0
1,0,0,1,0
1,0,1,1,0
1,0,0,1,0
1,0,0,1,0
1,0,0,1,0
1,0,0,1,0
1,0,0,1,0
1,0,0,1,0
1,0,0,1,0
1,0,0,1,0
1,0,0,1,0
1,0,0,1,0
1,0,0,1,0
1,0,0,1,0
1,0,0,1,0
1,0,0,1,0
1,0,0,1,0
1,0,1,1,0
1,0,0,1,0
1,0,1,1,0
1,0,0,1,0
1,0,0,1,0
1,0,1,1,0
1,0,0,1,0
1,0,1,1,0
1,0,1,1,0
1,0,0,1,0
1,0,0,1,0
1,0,0,1,0
1,0,0,1,0
1,0,0,1,0
1,0,0,1,0
1,0,0,1,0
1,0,1,1,0
1,0,0,1,0
1,0,1,1,0
1,0,0,1,0
1,0,0,1,0
1,0,0,1,0
1,0,1,1,0
1,0,0,1,0
1,0,0,1,0
1,0,0,1,0
1,0,0,1,0
1,0,0,1,0
1,0,0,1,0
1,0,1,1,0
1,0,0,1,0
1,0,0,1,0
1,0,0,1,0
1,0,0,1,0
1,0,1,1,0
1,0,0,1,0
1,0,0,1,0
1,0,1,1,0
1,0,1,1,0
1,0,0,1,0
1,0,0,1,0
1,0,0,1,0
1,0,0,1,0
1,0,1,1,0
1,0,0,1,0
1,0,0,1,0
1,0,1,1,0
1,0,1,1,0
1,0,1,1,0
1,0,0,1,0
1,0,0,1,0
1,0,0,1,0
1,0,0,1,0
1,0,0,1,0
1,0,0,1,0
1,0,1,1,0
1,0,0,1,0
1,0,0,1,0
1,0,0,1,0
1,0,0,1,0
1,0,0,1,0
1,0,0,1,0
1,0,1,1,0
1,0,0,1,0
1,1,0,0,1
1,1,0,0,1
1,1,0,0,1
1,1,0,0,1
1,1,0,0,1
1,1,0,0,1
1,1,0,0,1
1,1,0,0,1
1,1,0,0,1
1,1,0,0,1
1,1,0,0,1
1,1,0,0,1
1,1,0,0,1
1,1,0,0,1
1,1,0,0,1
1,1,1,0,1
1,1,0,0,1
1,1,0,0,1
1,1,1,0,1
1,1,0,0,1
1,1,0,0,1
1,1,0,0,1
1,1,1,0,1
1,1,0,0,1
1,1,0,0,1
1,1,1,0,1
1,1,0,0,1
1,1,0,0,1
1,1,1,0,1
1,1,0,0,1
1,1,0,0,1
1,1,1,0,1
1,1,0,0,1
1,1,1,0,1
1,1,0,0,1
1,1,0,0,1
1,1,0,0,1
1,1,0,0,1
1,1,0,0,1
1,1,0,0,1
1,1,0,0,0
1,1,1,0,0
1,1,1,0,0
1,1,0,0,0
1,1,0,0,0
1,1,1,0,0
1,1,0,0,0
1,1,0,0,0
1,1,0,0,0
1,1,0,0,0
1,1,1,0,0
1,1,0,0,0
1,1,0,0,0
1,1,0,0,0
1,1,0,0,0
1,1,0,0,0
1,1,0,0,0
1,1,0,0,0
1,1,0,0,0
1,1,1,0,0
1,1,0,0,0
1,1,0,0,0
1,1,0,0,0
1,1,0,0,0
1,1,0,0,0
1,1,1,0,0
1,1,0,0,0
1,1,0,0,0
1,1,0,0,0
1,1,0,0,0
1,1,0,0,0
1,1,0,0,0
1,1,0,0,0
1,1,0,0,0
1,1,1,0,0
1,1,0,0,0
1,1,0,0,0
1,1,0,0,0
1,1,0,0,0
1,1,0,0,0
1,1,0,0,0
1,1,0,0,0
1,1,0,0,0
1,1,0,0,0
1,1,0,0,0
1,1,1,0,0
1,1,0,0,0
1,1,0,0,0
1,1,0,0,0
1,1,0,0,0
1,1,1,0,0
1,1,1,0,0
1,1,0,0,0
1,1,0,0,0
1,1,0,0,0
1,1,0,0,0
1,1,0,0,0
1,1,0,0,0
1,1,0,0,0
1,1,1,0,0
1,1,0,0,0
1,1,0,0,0
1,1,0,0,0
1,1,0,0,0
1,1,1,0,0
1,1,0,0,0
1,1,0,0,0
1,1,0,0,0
1,1,0,0,0
1,1,1,0,0
1,1,1,0,0
1,1,0,0,0
1,1,0,0,0
1,1,0,0,0
1,1,0,0,0
1,1,0,0,0
1,1,0,0,0
1,1,0,0,0
1,1,1,0,0
1,1,0,0,0
1,1,0,0,0
1,1,0,0,0
1,1,0,0,0
1,1,1,0,0
1,1,0,0,0
1,1,0,0,0
1,1,0,0,0
1,1,0,0,0
1,1,0,0,0
1,1,0,0,0
1,1,0,0,0
1,1,1,0,0
1,1,1,0,0
1,1,0,0,0
1,1,0,0,0
1,1,0,0,0
1,1,0,0,0
1,1,0,0,0
1,1,0,0,0
1,1,0,0,0
1,1,0,0,0
1,1,0,0,0
1,1,0,0,0
1,1,1,0,0
1,1,1,0,0
1,1,0,0,0
1,1,0,0,0
1,1,0,0,0
1,1,0,0,0
1,1,0,0,0
1,1,0,0,0
1,1,0,0,0
1,1,0,0,0
1,1,0,0,0
1,1,0,0,0
1,1,1,0,0
1,1,0,0,0
1,1,0,0,0
1,1,0,0,0
1,1,0,0,0
1,1,0,0,0
1,1,0,0,0
1,1,0,0,0
1,1,0,0,0
1,1,0,0,0
1,1,0,0,0
1,1,1,0,0
1,1,0,0,0
1,1,0,0,0
1,1,0,0,0
1,1,0,0,0
1,1,1,0,0
1,1,0,0,0
1,1,0,0,0
1,1,0,0,0
1,1,0,0,0
1,1,0,0,0
1,1,1,0,0
1,1,1,0,0
1,1,0,0,0
1,1,1,0,0
1,1,0,0,0
1,1,0,0,0
1,1,0,0,0
1,1,0,0,0
1,1,0,0,0
1,1,0,0,0
1,1,1,0,0
1,1,0,0,0
1,1,0,0,0
1,1,0,0,0
1,1,0,0,0
1,1,0,0,0
1,1,0,0,0
1,1,1,0,0
1,1,1,0,0
1,1,0,0,0
1,1,0,0,0
1,1,0,0,0
1,1,0,0,0
1,1,1,0,0
1,1,0,0,0
1,1,0,0,0
1,1,0,0,0
1,1,0,0,0
1,1,0,0,0
1,1,1,0,0
1,1,0,0,0
1,1,1,0,0
1,1,0,0,0
1,1,0,0,0
1,1,0,0,0
1,1,0,0,0
1,1,0,0,0
1,1,0,0,0
1,1,0,0,0
1,1,0,0,0
1,1,1,0,0
1,1,0,0,0
1,1,0,0,0
1,1,0,0,0
1,1,0,0,0
1,1,0,0,0
1,1,0,0,0
1,1,1,0,0
1,1,0,0,0
1,1,1,0,0
1,1,0,0,0
1,1,0,0,0
1,1,1,0,0
1,1,0,0,0
1,1,0,0,0
1,1,0,0,0
1,1,1,0,0
1,1,0,0,0
1,1,0,0,0
1,1,0,0,0
1,1,0,0,0
1,1,1,0,0
1,1,0,0,0
1,1,0,0,0
1,1,0,0,0
1,1,1,0,0
1,1,0,0,0
1,1,0,0,0
1,1,1,0,0
1,1,0,0,0
1,1,0,0,0
1,1,0,0,0
1,1,0,0,0
1,1,0,0,0
1,1,0,0,0
1,1,1,0,0
1,1,0,0,0
1,1,0,0,0
1,1,0,0,0
1,1,1,0,0
1,1,0,0,0
1,1,0,0,0
1,1,0,0,0
1,1,0,0,0
1,1,0,0,0
1,1,0,0,0
1,1,0,0,0
1,1,0,0,0
1,1,0,0,0
1,1,0,0,0
1,1,0,0,0
1,1,0,0,0
1,1,0,0,0
1,1,0,0,0
1,1,1,0,0
1,1,0,0,0
1,1,0,0,0
1,1,0,0,0
1,1,1,0,0
1,1,1,0,0
1,1,0,0,0
1,1,0,0,0
1,1,0,0,0
1,1,0,0,0
1,1,0,0,0
1,1,0,0,0
1,1,0,0,0
1,1,0,0,0
1,1,0,0,0
1,1,0,0,0
1,1,1,0,0
1,1,0,0,0
1,1,0,0,0
1,1,0,0,0
1,1,0,0,0
1,1,0,0,0
1,1,0,0,0
1,1,0,0,0
1,1,0,0,0
1,1,0,0,0
1,1,0,0,0
1,1,0,0,0
1,1,0,0,0
1,1,1,0,0
1,1,0,0,0
1,1,0,0,0
1,1,0,0,0
1,1,0,0,0
1,1,0,0,0
1,1,0,0,0
1,1,0,0,0
1,1,0,0,0
1,1,0,0,0
1,1,0,0,0
1,1,0,0,0
1,1,1,0,0
1,1,0,0,0
1,1,0,0,0
1,1,0,0,0
1,1,0,0,0
1,1,1,0,0
1,1,0,0,0
1,1,0,0,0
1,1,0,0,0
1,1,0,0,0
1,1,0,0,0
1,1,0,0,0
1,1,1,0,0
1,1,0,0,0
1,1,0,0,0
1,1,0,0,0
1,1,0,0,0
1,1,1,0,0
1,1,0,0,0
1,1,0,0,0
1,1,1,0,0
1,1,0,0,0
1,1,1,0,0
1,1,0,0,0
1,1,0,0,0
1,1,0,0,0
1,1,0,0,0
1,1,1,0,0
1,1,0,0,0
1,1,0,0,0
1,1,0,0,0
1,1,0,0,0
1,1,0,0,0
1,1,0,0,0
1,1,0,0,0
1,1,1,0,0
1,1,0,0,0
1,1,1,0,0
1,1,0,0,0
1,1,0,0,0
1,1,0,0,0
1,1,0,0,0
1,1,0,0,0
1,1,0,0,0
1,1,0,0,0
1,1,0,0,0
1,1,0,0,0
1,1,0,0,0
1,1,0,0,0
1,1,0,0,0
1,1,1,0,0
1,1,0,0,0
1,1,0,0,0
1,1,0,0,0
1,1,0,0,0
1,1,0,0,0
1,1,0,0,0
1,1,0,0,0
1,1,0,0,0
1,1,1,0,0
1,1,1,0,0
1,1,0,0,0
1,1,1,0,0
1,1,0,0,0
1,1,0,0,0
1,1,0,0,0
1,1,0,0,0
1,1,0,0,0
1,1,0,0,0
1,1,0,0,0
1,1,0,0,0
1,1,0,0,0
1,1,0,0,0
1,1,0,0,0
1,1,0,0,0
1,1,0,0,0
1,1,0,0,0
1,1,0,0,0
1,1,0,0,0
1,1,1,0,0
1,1,0,0,0
1,1,0,0,0
1,1,0,0,0
1,1,0,0,0
1,1,0,0,0
1,1,0,0,0
1,1,0,0,0
1,1,0,0,0
1,1,0,1,1
1,1,0,1,1
1,1,0,1,1
1,1,0,1,1
1,1,0,1,1
1,1,1,1,1
1,1,1,1,1
1,1,0,1,1
1,1,0,1,1
1,1,0,1,1
1,1,0,1,1
1,1,0,1,1
1,1,0,1,1
1,1,0,1,1
1,1,0,1,1
1,1,1,1,1
1,1,0,1,1
1,1,0,1,1
1,1,0,1,1
1,1,1,1,1
1,1,0,1,1
1,1,0,1,1
1,1,1,1,1
1,1,0,1,1
1,1,0,1,1
1,1,0,1,1
1,1,0,1,1
1,1,0,1,1
1,1,0,1,1
1,1,0,1,1
1,1,0,1,0
1,1,1,1,0
1,1,0,1,0
1,1,0,1,0
1,1,0,1,0
1,1,0,1,0
1,1,0,1,0
1,1,1,1,0
1,1,0,1,0
1,1,0,1,0
1,1,0,1,0
1,1,0,1,0
1,1,0,1,0
1,1,0,1,0
1,1,0,1,0
1,1,0,1,0
1,1,1,1,0
1,1,1,1,0
1,1,0,1,0
1,1,1,1,0
1,1,1,1,0
1,1,1,1,0
1,1,0,1,0
1,1,0,1,0
1,1,0,1,0
1,1,1,1,0
1,1,0,1,0
1,1,0,1,0
1,1,0,1,0
1,1,0,1,0
1,1,0,1,0
1,1,0,1,0
1,1,0,1,0
1,1,1,1,0
1,1,1,1,0
1,1,0,1,0
1,1,0,1,0
1,1,1,1,0
1,1,0,1,0
1,1,0,1,0
1,1,0,1,0
1,1,0,1,0
1,1,0,1,0
1,1,0,1,0
1,1,0,1,0
1,1,1,1,0
1,1,0,1,0
1,1,0,1,0
1,1,0,1,0
1,1,0,1,0
1,1,0,1,0
1,1,0,1,0
1,1,0,1,0
1,1,0,1,0
1,1,0,1,0
1,1,1,1,0
1,1,0,1,0
1,1,0,1,0
1,1,0,1,0
1,1,0,1,0
1,1,0,1,0
1,1,0,1,0
1,1,1,1,0
1,1,0,1,0
1,1,1,1,0
1,1,1,1,0
1,1,0,1,0
1,1,0,1,0
1,1,0,1,0
1,1,0,1,0
