"college","age","income","take_training","success_debunk"
1,0,21.0924531075319,1,1
0,0,76.0792837294775,0,1
1,0,66.5429365127139,0,0
0,1,99.5415663571187,1,0
0,1,17.5720581417432,0,0
0,1,26.8807347039286,0,1
0,0,63.9468871289328,0,0
0,1,21.5079149724761,1,0
0,1,40.473162394822,0,1
0,1,160.91822713858,0,0
1,0,24.8094268942455,1,1
0,0,127.878815089682,0,0
0,0,8.52776525736423,1,1
0,1,56.7772845106436,0,0
1,1,90.4871415764386,1,0
1,1,12.576901405781,1,0
0,0,-1.6836600293131,0,1
1,0,72.5262948066063,1,0
1,0,50.6172762024135,0,1
0,0,34.0374074987089,0,1
0,0,26.5499309395862,1,1
0,1,73.4071609654352,0,1
0,0,91.4205464886854,0,0
1,0,86.1412922445903,1,1
0,0,27.8916415133345,1,1
1,1,43.9783568431374,0,1
1,0,128.932910676548,1,1
1,1,67.0384857542727,1,0
0,1,92.2958288088874,0,1
0,1,77.6265672621353,0,0
1,0,97.6478714539029,1,1
0,1,6.88491774272595,1,0
0,1,-40.0672008722246,0,1
0,0,19.729293753093,0,1
0,0,34.0096653639928,1,1
1,1,45.9146899953883,0,1
1,0,78.766672811658,0,1
1,1,-5.13081455500786,1,0
1,1,111.682592088146,1,1
0,0,27.6210227084573,0,1
0,0,-27.9992111467152,0,0
1,1,99.6621128111023,1,1
1,0,64.6654459751103,0,0
0,0,7.70120091949692,0,0
0,1,-22.0211821776714,1,0
1,1,38.0525236253681,1,1
1,1,123.468279053416,0,1
1,1,77.7997809403686,1,0
1,0,51.2019511367131,0,0
0,0,106.98972574835,1,1
1,0,76.8084477628508,1,1
0,1,-23.1653121268822,0,0
1,0,31.020133794153,1,1
0,1,96.2533601071128,0,0
1,0,75.6099803190532,0,1
0,1,60.446868684216,1,0
0,1,62.2341152877458,1,0
1,1,17.1130471557706,1,1
0,0,-22.5017270571449,0,1
0,0,41.5382885129034,0,0
0,0,3.9626283025044,0,1
1,1,-2.92127671708447,0,0
0,1,65.8516792510035,1,0
0,1,40.6799026550635,0,0
0,0,-22.4844507023026,1,1
0,1,36.4734557293741,0,0
0,1,117.139032999707,1,0
0,0,35.5447892472025,0,1
0,0,6.67305846519981,0,1
1,0,95.0437266288521,0,0
1,0,-9.47464523832625,1,1
1,0,80.9628753121222,0,1
1,1,92.163179572496,1,1
1,1,99.658962341814,1,1
1,1,55.9848086543992,1,0
0,0,44.7958080546221,1,1
0,0,86.8861352421454,1,1
1,0,71.3154488480833,0,0
0,0,35.3699745173828,1,1
0,0,116.473277483594,0,1
1,0,51.794663904752,0,1
1,1,13.8290406485664,0,0
1,0,59.8638175222305,0,0
1,1,75.3131452338093,1,0
1,0,52.7323443411057,0,0
0,1,127.122968893785,1,0
1,0,90.4254095804633,1,1
0,0,3.72737481074881,1,1
1,0,110.376299883738,0,1
0,0,2.09187165268485,0,0
0,1,66.9106976580929,0,1
0,1,18.4896779972364,1,0
1,1,-15.8811502920608,0,1
0,0,-25.2544225385219,0,0
1,1,70.3782799711662,1,0
0,0,72.6799586143616,1,1
1,1,47.6717564857866,1,0
0,1,68.4589026887183,0,1
0,1,21.5384851039247,1,0
1,1,83.3619303530642,1,0
0,0,65.4316830914092,1,1
0,0,79.7066743798565,1,1
1,1,82.3101701732277,0,1
0,1,52.0627908086991,1,1
0,1,18.6725692783596,0,1
0,1,19.5492967456736,1,0
1,1,30.0846592366924,0,0
0,1,33.3478728995023,1,0
0,0,42.9055140081128,0,0
0,1,7.99074895132061,0,1
0,0,80.7476807756924,0,1
0,0,14.4889541744789,0,1
1,1,53.9289704400752,0,0
1,0,43.2887981476486,0,1
1,0,81.6137207506296,0,0
0,0,51.4067328065157,1,1
0,1,95.2361224107684,0,1
0,1,116.580741086912,1,0
0,0,33.2115423186445,0,0
0,1,50.7778321917797,0,1
1,1,76.4046009800362,0,0
0,0,50.8125121231998,1,1
1,1,63.3334221374547,1,0
0,0,106.5473146637,0,1
1,0,-10.4134420432757,0,0
1,1,4.64838173297301,1,0
1,1,25.6930212272408,1,0
0,0,7.25288279157165,0,0
1,1,17.4643453393117,0,1
1,0,75.4015882290782,0,0
0,1,11.026012622746,0,0
0,0,1.31304345538912,1,1
1,1,17.801455198515,1,1
0,0,-4.44547194942371,0,0
0,0,12.6710339015281,0,0
1,0,76.531982040317,1,1
1,1,94.9454263410646,1,0
0,1,38.9080116232886,0,0
0,0,9.40975146088717,0,0
1,0,20.0014005377818,0,0
0,1,111.927460279503,1,1
1,1,44.4036388418756,0,1
0,0,40.7700879945612,0,0
1,0,78.6244871268561,0,1
0,0,30.2103211023681,1,1
0,0,-12.835410445621,1,1
0,1,82.7760352925656,0,0
0,1,94.5668010620178,0,0
0,0,129.295988261009,1,1
0,0,94.2747201298942,0,0
0,1,18.5510960649944,0,0
0,1,64.888242295542,1,0
0,1,21.1198997812219,0,1
0,0,133.779025508601,1,0
1,0,7.04778934414645,1,1
1,0,4.33458178424611,0,1
0,1,109.106789813714,1,0
1,1,73.3517078799331,1,0
0,0,66.0514949686104,0,1
0,1,43.8726575395869,0,0
0,0,46.1612104574221,0,0
0,0,96.1947341245646,1,1
1,0,-5.74747154449597,1,1
1,1,66.4022094490717,1,0
0,1,5.18237832088558,1,0
0,0,75.8531987979014,1,1
0,0,21.0899738980202,0,0
0,0,57.7540703851272,0,0
0,1,3.03941015866987,1,0
0,0,8.15538703563441,0,1
0,0,33.2964689794377,1,1
0,0,64.4906644465683,0,1
1,0,36.9537408078336,1,1
1,0,90.135630178716,0,1
0,0,50.2888048148526,0,1
0,0,74.923007188811,1,1
0,0,49.0955467288902,1,1
0,1,51.3862439211429,0,1
1,1,75.6118613515265,0,1
0,0,49.5276724469014,0,0
0,0,73.0742021338238,1,1
0,0,60.7534434352124,1,1
0,0,36.3372516855766,1,1
0,0,19.6663743372362,0,0
1,0,69.1190739846223,0,1
1,0,81.465794330443,0,1
0,1,64.8650247959164,1,0
1,1,69.992079885776,0,0
0,1,11.5948673961666,0,1
1,1,74.7559268266844,0,1
1,1,79.9001738772407,0,0
1,1,54.0144244545572,0,1
1,1,92.9783233881004,1,0
0,0,91.5505070270153,1,1
0,0,91.129181294729,1,1
0,1,84.6684886640137,0,0
0,0,95.6868934127203,1,1
0,1,53.0896974761694,1,0
0,1,78.69441231298,1,0
0,0,18.4571453243443,1,1
0,1,105.901794257878,1,0
0,1,20.4341230839776,0,0
0,1,5.77577961138293,1,0
0,1,114.780499470731,1,0
1,1,-8.24541530841623,1,0
0,1,-7.33638155757962,0,0
0,1,-11.1066292947266,1,0
0,0,30.0376529184726,1,1
1,0,110.477495487085,0,1
1,0,116.593087750898,1,1
0,1,65.3267581163657,0,1
1,0,56.5570143136544,0,1
0,1,38.9096642355908,0,0
1,0,-13.9517450448828,0,0
0,0,32.2756070747676,1,1
0,0,54.1579313147029,1,1
1,0,-0.904545739767919,0,0
0,0,20.1400847331243,1,1
1,0,78.4661405945204,0,1
0,0,-33.1538911488772,0,1
1,0,15.62967971765,0,0
1,1,73.4416031490686,1,1
0,1,36.9260632992789,0,1
0,0,6.05709217710722,1,1
0,0,50.8444438316319,0,0
1,0,120.516081321027,1,1
1,0,-24.4517712348137,1,1
0,1,112.392581059707,1,0
1,1,-7.16514669415805,1,0
1,1,42.2541557319575,0,0
0,1,89.0683225669518,0,0
0,1,99.0152363501329,0,0
0,0,-5.49237037191013,1,1
0,0,52.3717953908671,1,1
0,0,13.9548114794852,1,1
1,0,21.1118068933254,1,0
0,1,28.3916807291813,0,1
0,0,79.1078922336441,0,1
1,1,64.9800557139277,0,1
0,1,37.2263988820417,0,1
0,0,65.8193310777328,1,1
0,0,126.287237580367,1,1
0,0,9.58153517207457,0,0
1,0,53.6284564439726,0,1
0,1,-42.9689262453595,0,1
0,1,65.9836580785071,0,0
0,1,58.3716721228383,1,0
0,0,-15.6935797155847,1,1
1,1,77.1474038108205,1,1
1,0,75.2846823675063,1,1
1,0,-15.9310355301083,1,1
1,0,-25.1209972640687,1,1
1,1,-2.72191603776594,0,1
0,1,72.948521941525,0,1
1,0,110.481044115025,0,1
0,0,103.321250759771,1,1
1,0,54.0186504717586,1,1
1,0,48.0744042708538,0,1
0,1,18.7330632018845,1,0
0,1,108.207970727853,1,0
0,0,12.2054916939462,1,1
0,0,45.1703345298077,1,1
1,1,96.739606515743,0,0
1,0,-11.2329523404667,0,1
1,0,28.6694450646353,1,1
1,0,49.406430693741,1,1
0,0,38.0341243693031,0,1
0,1,90.6239366321762,1,0
0,0,84.0433173511038,0,1
0,0,21.650642861369,0,0
0,1,27.6390459778706,1,0
1,1,12.4666088021466,0,1
1,1,9.60311004402119,0,1
1,0,22.4404595423603,1,1
0,1,61.0766954563211,0,0
1,0,50.2608677418856,0,1
0,0,53.9313460728974,0,0
0,0,120.392745859697,1,1
1,1,80.229561972536,1,1
1,1,146.159199920311,0,0
0,1,87.2252583898825,0,0
0,1,97.7685032172144,0,0
0,1,21.5477438878764,1,0
1,1,127.266093765087,0,0
1,0,39.2557987028353,1,0
1,1,63.7415723241665,0,0
1,0,85.8494168010467,1,1
1,1,89.1968509515478,0,0
0,1,42.3964568304937,1,0
1,1,93.4164252821035,1,0
1,0,54.8521792708293,1,0
1,0,36.6575786330703,1,0
1,1,35.164259925864,1,1
1,1,59.6751320483981,1,0
0,0,22.3823877900046,0,0
1,0,96.1596589431787,0,0
0,0,78.5819857189666,1,1
1,1,79.9734975466373,1,1
0,0,92.8955553114184,0,0
0,1,52.9476012732649,1,0
1,0,97.5111069382704,0,1
0,1,84.7327370233,0,0
0,1,102.876724864466,1,0
1,1,2.78731842577723,0,1
0,0,6.91658006061537,1,1
0,1,72.1207167866938,1,0
0,0,57.8338528346378,1,1
1,0,51.4357948910066,0,0
0,0,124.383056055773,0,0
1,0,58.9482242532077,1,1
1,0,45.0017345124988,1,1
0,1,117.715679265607,1,0
1,0,53.5397409634786,1,1
0,1,55.7988985494867,1,0
0,0,101.007472674355,0,0
1,1,95.6583774199867,1,1
0,0,95.127205504651,1,1
1,0,62.7937105785197,1,1
1,1,78.5791556245973,0,1
0,1,39.7535944515037,0,0
1,1,102.426642991696,0,1
0,0,44.8571479869336,0,0
1,0,51.5610443518621,0,1
0,0,40.095180734924,1,1
0,0,72.9069671786734,1,1
0,0,57.056906529157,0,1
0,1,71.1506512420088,0,0
1,0,39.8377292853424,0,0
1,0,26.5293593714471,1,1
0,1,82.2515046539302,0,0
1,0,58.1865241774409,0,0
1,1,95.8358238368661,1,0
0,1,-19.6543622199583,1,0
1,0,-42.5824419362481,1,1
0,1,84.8017635802905,0,0
1,1,-23.3120390173535,1,0
0,1,38.6152704891853,0,0
0,0,38.8891086334875,0,1
1,1,45.9752074086601,0,1
0,1,4.80095606282501,1,0
0,1,62.8544990199896,0,1
1,1,41.3169401416462,0,0
0,1,53.5392274186975,0,0
0,0,30.3773951107664,1,1
1,0,18.5775578959003,1,1
0,0,33.2742994978427,0,1
0,0,97.5640152306178,1,1
0,1,143.460024227765,0,0
1,0,37.2174272834221,1,1
1,1,27.4500383963811,0,0
1,1,16.9064108155417,1,0
1,1,27.6119282564775,0,0
0,0,-63.383481853693,1,1
1,1,89.1449696966995,0,0
1,1,48.1700813187076,1,0
0,0,-35.5865366386989,0,0
1,1,32.3620382317691,1,0
1,1,55.7805247709581,1,0
0,1,30.4654028696714,1,0
0,1,29.8927832029422,1,0
1,1,79.0407953707499,1,1
0,0,16.4411289778353,1,1
1,0,58.3164502254274,0,0
1,1,70.3898717114693,0,1
0,0,67.7764288029578,1,1
1,0,61.4665044744401,1,1
0,1,97.541651456658,1,1
1,1,25.0956866602385,1,1
0,0,71.9011598165393,0,1
0,0,39.874638452575,0,1
1,1,-39.9181752038981,0,1
1,1,-12.3666583604106,0,0
1,0,87.7596595776533,1,1
0,0,55.2758962160221,1,1
0,0,18.6494344188628,1,1
0,0,153.433199771227,0,1
0,0,44.521192000315,1,1
1,1,71.562783256628,0,0
0,0,-5.96902329775016,1,1
0,1,15.4404187911696,0,1
1,0,75.8673230903963,1,0
0,1,64.7838961577071,0,1
1,0,31.8214445646582,0,1
0,0,12.3565036539706,1,0
0,0,54.6139965488793,0,0
0,1,43.4082027088784,0,0
1,1,71.9025487356754,1,0
0,0,4.17121716883057,0,0
0,1,22.2492701725032,0,0
0,1,-9.27842141987898,0,0
0,1,37.3953369847562,0,1
0,0,39.8016115901604,1,1
0,1,29.5123290616586,1,0
0,1,62.7799126628034,1,0
0,0,51.4396676214782,1,1
1,1,7.79355575379226,1,0
1,1,34.0007629645539,1,0
0,0,75.1994241651976,0,1
0,0,1.58218635170964,0,0
1,1,121.863381256205,0,0
0,0,136.507701407563,1,1
1,1,16.715965482245,1,0
0,1,35.3184707973599,1,0
1,0,30.6235914479758,1,1
0,1,78.1587029980317,1,0
0,1,53.9988183911666,0,0
1,0,35.6916628280736,0,1
1,1,31.1618700539391,1,0
0,1,-38.6792567803655,1,0
0,0,53.4881406417883,0,0
0,0,6.26274134124042,1,1
0,1,68.2818110725132,1,0
1,1,1.601517967519,0,0
0,0,55.9702688902406,0,0
1,1,30.8297782562208,1,1
1,0,6.59650410068571,1,1
0,0,21.7730610363865,0,0
1,1,104.728345727902,0,1
0,0,61.182951536392,0,1
1,1,9.05470802920453,1,0
0,1,17.8277351810905,1,0
1,0,26.5252996081893,1,1
1,1,8.02779232905781,0,1
0,1,76.0764000444496,0,1
0,1,13.5208445513445,0,0
1,1,43.373937091489,1,0
0,0,93.7556429873782,1,1
1,1,8.11864012994931,1,0
0,0,51.9538304149594,0,1
0,1,38.4968311138644,1,0
0,0,37.6469137071005,0,0
1,1,116.072641721053,1,0
0,1,41.921092312018,1,0
1,0,85.6784693156802,1,1
1,1,-17.7923106729293,1,1
1,0,92.3352175921339,1,1
0,1,33.6963310601539,0,1
1,0,33.0929630931536,1,1
1,1,12.7875324188555,0,0
0,0,46.8630037334402,0,0
1,1,56.8808077377344,1,1
0,0,-2.93730417401071,1,1
0,0,83.2855720042574,1,1
0,0,-8.40639488243291,0,0
1,0,19.6860409454207,1,1
1,1,44.552938884065,1,0
0,1,114.066875031569,0,1
0,1,-24.6527399862177,0,0
0,1,116.029232876124,1,1
0,0,57.0700268325938,0,0
1,1,71.5443118805409,0,1
1,1,128.830205479454,1,0
1,1,95.1579529914952,0,0
0,0,41.8277273370599,1,1
0,1,55.2432405301796,0,0
0,1,-3.91183605308679,1,0
0,1,39.5375731235273,1,0
0,0,-8.11093461134096,1,0
0,0,48.1064098695122,0,0
1,0,47.7189852024908,1,1
0,0,-26.207008216558,1,1
1,1,95.0194655842178,0,0
1,0,37.0508909038723,0,1
0,1,44.5536196301915,0,1
1,0,52.7471798045474,1,1
1,0,67.7591297191426,1,1
0,1,-1.61427924888099,0,0
1,0,40.8887396152631,0,1
1,1,36.7809933793411,1,0
1,1,1.78301557721701,0,0
0,1,64.5726581787646,1,0
1,0,86.2114995112014,1,1
0,0,1.91442871648698,1,1
0,0,40.1866208921693,0,1
0,0,76.2421391609455,1,1
0,1,86.4899082586906,0,1
1,1,43.0321373264743,1,0
0,1,90.2823124759454,1,0
0,1,-10.7112788325755,1,1
0,1,-26.8792660972634,0,1
1,0,8.59310499286234,0,0
0,0,61.3709009359688,1,0
1,0,10.5559164292945,0,0
1,0,99.2256843191294,0,1
0,1,108.276714963348,0,0
0,1,25.8594034809593,0,0
1,1,23.7273567482863,0,1
1,1,33.3547062857734,0,0
1,1,127.095239262426,0,0
1,1,62.3639380250292,0,0
1,0,33.3040137755244,0,1
1,1,24.4704017696821,1,1
0,1,34.401067789135,0,1
1,1,55.5196025773694,1,0
1,0,56.4994614467654,1,1
1,1,115.490700761679,0,0
0,0,37.8850794314078,1,1
0,0,67.2253846415916,0,0
1,0,73.1344839146674,1,1
1,0,4.75233027653743,1,1
1,1,-6.68376511719799,0,1
0,0,-16.5540018941293,0,1
0,1,78.834623603997,1,0
0,1,46.4825688822937,1,0
0,1,57.2319469712357,0,0
1,1,106.052132774038,1,1
1,1,116.101233582507,0,0
0,1,91.9640168229411,1,0
0,0,66.0232248395572,0,1
1,1,55.01972727489,1,0
1,1,140.080606323709,0,1
0,0,52.9231369624574,1,1
0,0,61.5445180808118,0,1
1,0,51.147923912564,1,1
0,1,68.935727924196,1,0
1,0,66.7914108042977,1,0
0,1,92.693911115013,1,0
0,0,53.9046007326062,1,1
0,1,84.8979522742501,0,0
1,1,140.269129255392,1,0
1,1,116.322074935027,1,1
0,0,91.707505140097,1,1
1,1,27.976623244091,1,0
0,0,129.635288246639,0,0
0,1,65.1414030006217,0,1
0,1,76.3872361623409,0,0
1,1,-89.9218940412167,1,0
1,1,56.4377633289085,1,1
1,0,98.0001488214426,0,0
0,1,74.3778255566617,1,0
0,1,19.5133252835178,1,1
1,0,17.5814209461077,0,1
1,1,29.1852664439658,1,0
0,0,32.9616655351834,0,0
0,1,56.8723426160619,0,0
1,1,-33.4422216987782,0,0
0,0,-9.46376749882943,1,1
0,1,96.93088079244,1,1
1,1,20.3404539603935,0,1
1,0,73.7920268045688,1,1
0,0,10.0671282657574,0,1
0,0,69.5727503054712,0,1
0,0,45.9510222200721,1,1
0,0,46.617178206878,0,0
0,0,80.3921735258651,1,1
0,1,23.6551966237795,1,0
0,0,29.1355289400768,0,1
0,1,-0.115312573171636,0,0
0,0,91.8733414767013,1,1
0,0,19.8864330394564,0,1
0,0,64.1234186960693,0,0
0,0,80.4997173733258,1,1
0,0,92.2641865833811,0,0
0,0,51.4733819043201,1,1
1,1,114.08326141014,0,0
0,0,8.72298614472561,1,1
1,1,10.7059942791032,0,0
0,1,65.7310325681694,0,1
1,1,72.5835216469252,0,1
0,0,-21.5728194147005,1,1
1,1,64.5616176341434,1,1
1,1,61.4442476465536,1,0
1,0,33.4152607174866,1,1
0,0,62.6470792518356,0,1
1,1,64.5066694786844,0,0
1,0,52.9644007538356,0,0
1,1,79.1638242312264,1,0
1,1,45.3915058217508,1,0
0,1,-31.2168389761587,0,0
0,1,18.2945133858362,0,0
0,0,10.3600537132898,0,1
0,0,-2.1360382536613,0,1
0,0,15.326473644543,0,0
0,0,71.9692450610727,0,1
0,1,19.291860317759,1,0
1,1,38.2678065261822,0,0
1,0,20.4745365565047,1,1
0,1,31.9933524683326,0,1
0,1,57.5729287685515,1,1
1,0,35.1332965225176,0,1
1,1,48.6837583978792,1,0
1,0,119.747281865798,1,1
0,0,3.85739772551007,0,0
0,1,32.3021112286412,0,1
1,0,-11.2377127571646,1,1
0,0,-22.9603108410548,1,1
0,1,49.8585831770969,1,0
0,1,34.124238247782,0,1
1,1,30.0002314677223,1,0
1,1,97.6394215569273,0,0
0,0,44.4626374634468,1,1
0,0,-19.1195916913836,1,1
0,0,33.3912667733567,0,1
0,1,112.171395746228,1,0
0,1,113.868536029577,0,1
1,0,31.3083548779476,0,1
0,0,118.896991365544,1,1
1,0,66.5908349684253,0,1
1,0,29.7151787353249,1,1
0,0,72.1911269860961,0,0
0,0,62.1760143391487,1,1
1,0,72.7596680521527,1,1
0,1,41.1827869215424,0,1
0,0,27.8586091590492,1,1
1,1,16.8889276072543,1,0
0,1,60.1539520850526,1,0
0,1,26.0650088194592,0,0
0,0,62.7779019237205,0,0
1,1,15.3917187386325,1,0
0,0,116.018016538823,0,1
0,1,-35.0273747823445,0,1
1,1,80.0176769517075,0,0
1,1,65.8545108187782,0,1
1,1,-47.1800957240653,0,0
0,0,-15.3462756315907,1,1
1,0,21.6430591015519,0,0
1,1,60.5270588918378,0,0
0,0,32.0044725251432,1,1
0,1,37.1599403820568,1,0
0,0,14.6322442996936,1,1
1,0,58.5959658437677,1,1
0,1,34.703330884125,0,0
0,0,48.280986795695,0,0
0,0,142.315837880866,1,1
1,0,28.5169968890496,1,1
0,0,70.206927203928,0,1
1,1,117.107569789544,0,1
0,0,71.3722736846524,1,1
1,0,130.933617234327,1,0
0,0,16.2802914812252,0,1
0,0,-22.3284598911395,1,1
1,0,34.9072159119683,1,1
1,0,12.9035672234812,1,1
0,1,78.0548150914714,0,0
0,1,96.5139943676386,0,0
0,0,33.5686472844149,1,1
0,1,37.2248319345798,1,1
0,0,74.1783406317155,1,1
0,1,69.77146983211,1,0
0,0,43.7241595858061,1,1
1,0,59.4125014378084,0,0
0,1,39.2473087470674,0,0
0,1,47.4706353071046,1,0
0,1,72.4191577134395,1,0
0,0,-23.2982579942985,0,1
0,1,67.3739484656013,1,0
0,1,111.573271413053,1,0
1,1,89.7778296241886,1,0
1,0,22.8858070873937,1,1
1,0,24.655849561453,0,1
1,0,58.792309546755,1,1
0,0,19.6809090439234,1,1
0,1,114.73155897842,0,0
0,1,33.1896737856227,1,0
0,0,-12.8053980108246,1,1
0,0,1.16717230717693,0,1
1,1,87.0140768473305,1,1
1,0,34.3402593895426,1,1
1,1,70.0469308643014,0,1
1,0,-10.1558096219046,0,1
0,1,55.9511014299324,0,1
0,0,21.3782303598634,1,0
1,0,33.0453356496811,1,1
1,0,63.364654845085,1,1
0,1,39.3718725774016,1,1
0,1,120.416818388171,1,0
1,1,38.7443125263183,1,1
0,0,2.83554592654497,0,1
1,0,30.6558369395985,0,0
1,0,52.4270490643951,1,1
0,0,90.7485460099588,0,0
0,1,38.5718929614679,1,1
0,1,52.3808975183819,0,1
0,0,77.4016966433214,0,1
0,0,46.9428353058914,0,1
0,1,33.9680843918976,1,0
0,0,60.4241180800842,1,1
0,1,43.0583647358985,0,0
1,1,-15.7844418093835,1,1
1,0,22.3831001822796,0,1
0,0,52.323822195582,1,1
0,0,42.9537591851048,0,0
0,1,111.034794039923,1,0
1,0,53.3515148400674,0,0
0,0,36.0648083832448,0,0
0,1,88.2041578474824,1,0
0,0,30.2101502423025,0,0
0,0,-1.05801418771109,0,1
1,1,-1.43870880222494,0,0
1,0,-27.7535463671909,1,1
0,0,56.6465942005128,0,1
0,1,31.643384215859,1,1
0,0,59.2279945651255,0,1
0,1,75.4373742788951,1,0
0,0,112.629204110587,1,1
1,0,65.478463701265,1,1
1,0,74.5908433900867,1,1
0,0,70.7269232938621,0,1
0,1,55.9909656193659,1,1
0,1,68.1203735091986,0,1
1,0,143.922520238473,1,1
1,0,12.1963621322308,1,1
1,1,74.9096473884848,1,1
0,0,-52.6072985409301,1,1
1,1,56.7523838745027,0,0
0,1,24.1423978154059,1,0
0,1,95.4371225537933,1,0
1,1,-3.57902711338439,0,1
0,0,53.773557456098,1,1
1,1,38.0888473606192,0,0
0,1,-39.9039010815763,0,1
1,0,26.7231820687237,1,1
1,0,61.2510868063685,0,1
1,1,116.325918968924,1,0
1,1,61.3990991127404,1,0
0,1,37.0268172649298,1,0
1,1,47.9728466964106,0,1
1,1,52.8138340134244,1,0
0,1,15.3876046494449,0,0
0,0,85.2638978089635,0,0
0,0,-17.9348551303903,0,1
1,0,37.5032168910368,1,1
0,1,16.0634972506019,1,0
0,0,21.7444625959707,1,1
0,0,19.6861910225742,1,1
1,0,39.0678787856157,0,1
0,0,62.5751857154006,1,1
1,0,17.9813245107038,0,0
0,1,12.635975314603,1,0
1,1,74.9492954059291,0,1
0,0,86.1494608956965,1,1
0,1,118.699564145849,1,1
0,0,6.92801063347247,1,1
1,1,72.8410504152308,1,0
0,0,76.374016422463,1,1
0,1,67.9150905646511,0,0
0,1,56.0336222168242,1,1
1,1,94.8300971989822,0,1
1,1,48.4479777115875,0,1
0,1,43.3523346942705,1,0
1,1,65.0667739418743,1,0
0,1,86.6810026775804,1,0
0,0,-27.6172865147244,0,0
1,1,40.5529576815949,1,0
1,0,13.251395725793,1,1
1,1,52.9805216902311,1,0
0,0,44.3247477444298,0,0
0,0,52.5481019583996,1,1
0,1,51.0679681568104,0,1
1,1,39.3032529838994,0,0
0,1,42.402758903821,0,1
0,1,60.5179453528939,1,0
0,1,40.1130105711759,1,0
0,0,52.7300355363788,1,1
0,0,11.4461300898628,0,1
1,0,30.9206718800979,1,1
0,1,-2.26485698198596,0,0
0,1,43.282143603867,1,0
1,0,36.5818977149303,0,1
0,0,-61.0812579767733,0,0
0,1,87.6093921800682,1,0
1,1,65.8268555744265,1,1
0,1,3.77476046345344,0,1
0,1,82.9754197984297,1,0
0,0,62.9610748106774,0,0
0,1,94.8752609494967,0,0
0,1,90.6398834158941,1,0
1,0,107.082162889943,0,0
0,0,4.56555988392325,1,1
0,1,50.5957298766716,1,0
0,1,77.2159588743078,1,0
0,1,106.019872387054,0,1
0,0,70.0049826679904,1,1
0,0,50.1581517286244,1,1
1,1,34.5774166063989,1,0
1,1,1.03855324299818,0,0
0,0,51.9731612259179,0,0
0,0,44.4566483233351,0,1
1,0,59.533288193281,0,1
0,1,78.6261137557867,0,0
0,0,10.3301096438664,1,1
1,1,32.3924625361322,0,0
0,0,70.3234592314158,1,1
1,1,63.6725132441924,1,0
0,1,33.3670993309468,0,0
0,0,19.3491735914437,1,0
1,0,56.1217151111578,1,0
1,1,36.512792690939,1,0
0,1,-19.6924900762338,1,0
1,1,86.0825518592503,0,1
0,0,38.003306599908,0,0
0,0,46.9652057585367,1,1
0,0,85.1492875422745,0,1
0,1,86.2744140729961,0,0
1,1,54.1405729654471,1,0
0,1,-10.3685079153802,1,0
1,1,124.269180839313,1,0
0,1,124.551342300914,0,0
0,0,63.3652985112706,0,0
0,0,24.89151931231,1,1
0,1,5.42613018183543,0,1
1,1,30.9651624641618,0,1
0,0,50.6875801321508,0,1
1,1,38.0363482651018,0,1
1,0,48.3168195253788,1,0
1,1,126.547514644038,0,1
0,0,10.2302595199686,0,0
1,1,17.2613670697821,1,0
0,0,-34.8828553844127,0,0
0,1,-2.88528455084634,0,1
1,1,89.1354338029483,0,1
0,0,77.9737370026821,0,1
1,0,2.6530707036148,1,1
0,1,50.3751365009256,1,0
0,1,2.26529920830171,1,0
0,0,49.3405658844403,0,1
1,0,65.5535170396033,1,0
0,0,42.3624798112355,1,1
0,0,52.1008283382128,1,1
1,0,11.7337545099237,0,0
0,1,83.983314262092,0,1
0,1,59.5161952258881,1,0
0,0,85.3215713675235,0,0
0,1,39.6564463089552,1,0
1,0,51.628909620268,0,0
0,0,78.1930151873261,1,1
1,1,21.4724317162504,0,0
0,0,27.3898171208182,1,1
1,1,57.5264753702713,0,1
1,1,42.0816758867879,1,1
1,0,39.9630352193351,1,1
0,0,18.3522353923546,1,1
1,1,-34.0599797280037,1,0
0,1,34.4331594395705,1,0
1,0,-17.3871967611577,0,1
0,0,62.0386378479832,1,1
0,0,26.1755252074852,0,1
0,1,57.6084478905409,0,1
1,0,-4.09629333679747,1,1
1,1,28.9453010333326,0,1
0,0,65.5438468433033,0,0
0,1,46.5759920880049,0,1
1,0,4.21762702962268,1,1
0,1,-10.0258561829077,0,1
1,1,53.1308154404896,1,1
1,1,46.6529188404194,0,0
1,0,105.756779307451,0,1
0,0,1.9318504213351,0,1
1,1,60.7933483368926,0,0
0,1,118.157430568102,1,0
1,0,78.5010710126566,1,1
0,0,17.0228553959057,1,1
1,1,0.649595958391487,1,0
1,1,23.0010888547907,1,0
0,1,130.41059196424,0,0
0,0,60.7502712844329,0,0
1,1,124.593653761908,1,0
1,1,59.2901174419794,0,1
0,1,61.2244593885717,0,1
0,1,48.931034010756,0,1
0,0,39.6717717068225,0,1
0,1,4.17247649532755,1,0
0,0,51.3979579467688,1,1
0,1,85.1121430112576,1,0
1,1,38.1479188686929,1,0
1,0,12.6422911063256,0,0
1,1,57.3578101349437,0,1
1,1,134.225669700522,0,1
0,1,120.246989257631,1,0
1,1,68.6307111776998,0,0
0,1,85.32253458989,0,0
1,1,61.2329972398658,0,1
0,0,-26.2279711301859,0,0
0,1,39.9256084324321,1,0
1,1,15.6852449996765,1,0
1,1,29.1113700545947,1,1
0,0,67.1537152469135,0,0
0,1,53.2995798345075,0,0
0,0,42.7026142703957,1,1
1,0,28.23603590548,0,1
0,0,47.2618824524817,0,0
1,0,98.4928162250817,0,1
1,0,29.1557764402394,1,1
1,1,44.7584347164372,1,0
0,1,-1.48311722062857,0,1
0,0,90.6314134162545,1,1
0,0,-7.83225836671092,0,1
0,0,74.9382744509267,0,1
1,0,8.5931714688483,0,0
0,0,131.266400612312,1,1
0,0,56.1631591024996,0,1
0,0,66.4508334197798,0,1
0,0,86.6152207454909,1,1
1,1,61.1852145857541,1,0
0,1,59.2384481213545,0,0
1,1,59.0422112014082,0,0
0,0,72.8417735801352,0,0
0,0,-9.8588556046606,0,1
0,0,75.9549898197935,0,1
1,0,-4.80082778213458,1,1
1,0,-34.968277599264,1,1
0,1,60.7982546430828,0,0
0,0,49.4899876419073,1,1
0,1,-11.2038764656143,1,0
0,0,17.7128480787731,0,1
0,1,1.37941380345631,1,0
0,0,75.7228002881118,1,1
1,1,87.9135982509074,1,1
1,1,6.16987315714319,0,0
0,0,-8.64087852773438,1,1
1,0,34.2371232385295,1,1
0,1,129.753695113168,0,1
0,1,32.0952583638601,0,0
0,1,46.3420206385342,1,0
0,1,68.8217421009302,0,0
0,1,1.97586195988835,0,0
0,1,82.7051948016154,1,0
1,0,-53.89210983648,0,0
0,1,86.8178650835064,0,0
0,0,36.1684196485249,0,1
0,0,29.2736019070539,0,0
0,1,0.308651162113506,1,0
1,1,50.8346473314713,1,0
0,1,39.9618860164156,1,0
0,1,55.9365405838381,1,0
0,0,90.4281469011596,1,1
0,1,48.2672088284393,0,0
0,0,31.2594082986586,1,1
0,1,110.133220006537,0,0
0,1,32.0520828596241,1,0
0,0,77.0228417099852,1,1
1,0,48.3592515774603,0,0
0,1,90.251566218649,0,1
0,0,68.3014874958177,1,1
0,1,42.898544090829,0,0
1,1,109.916521423707,1,0
1,1,53.6142066308939,1,0
0,0,33.5673839775242,1,1
1,0,39.8077265933279,0,0
1,1,50.4511665396016,1,0
1,1,57.8097965698801,0,1
1,1,32.1543274876656,1,0
0,1,3.42771273301832,1,0
0,1,36.6539352974571,1,0
0,1,-17.1594684930576,1,0
0,0,53.9525889612634,1,1
1,1,115.847600177094,0,0
0,1,71.8934893016868,0,0
0,0,77.6342352118804,0,1
0,1,-29.0731742153778,1,0
0,0,2.99706371749976,1,1
0,0,103.929075513757,0,0
0,1,10.4831043772269,1,0
0,1,149.248397150126,0,1
1,0,59.7554497715147,0,0
0,0,4.46799831865438,0,1
1,0,27.2512114028769,1,1
0,0,84.1086464952821,1,0
0,0,131.635416542547,0,1
1,0,118.688429049272,1,1
0,1,2.65331382387156,0,0
0,0,-19.565773328638,1,1
0,0,75.3911003536645,0,1
0,1,60.9144255641848,1,0
0,0,-16.0957635683504,0,0
0,0,129.181489080899,0,1
0,1,47.4952484852972,1,0
0,1,134.634778919586,0,0
0,0,48.026597882452,1,1
1,0,-21.2364329271982,1,1
1,0,81.08672775332,0,1
0,0,35.5188076906745,0,0
0,0,63.8103845385355,1,1
0,0,50.8226136772087,1,1
0,0,33.4493919382258,0,0
1,1,20.8303124134055,1,1
1,0,21.4951375415544,0,1
0,1,25.0108498483529,1,0
0,1,12.9024759013417,0,1
0,1,35.9547425378257,0,1
0,1,5.98593519514317,1,0
1,1,56.7157662001168,1,1
0,0,-20.8633708284187,0,1
0,0,99.2169027270875,1,1
0,1,82.7087049981442,1,0
0,0,52.8093844822198,0,1
1,1,39.2573497616341,1,0
1,0,48.5680779164491,1,1
1,1,-7.91784992315145,1,0
0,1,3.54234732868179,1,0
0,0,14.2263525118504,1,1
1,0,32.6607604836607,0,1
0,0,89.7163938290573,0,1
0,0,43.0121047531896,1,1
1,1,38.7643789460801,0,1
0,1,106.672854340317,0,1
0,0,102.780197578056,1,1
0,0,67.895325840217,1,1
0,1,28.0089970961277,0,1
1,1,40.056082913615,1,0
1,0,51.0072376856561,1,1
0,1,49.8970840279215,0,0
0,1,24.5575658357161,0,1
1,0,37.6018418083502,0,1
1,0,57.6744440980573,0,0
1,1,8.70610414705632,0,1
0,1,48.8953740612454,1,0
1,1,66.9112294388746,1,0
1,0,37.0865027643299,1,1
1,0,7.69172181697232,0,0
0,0,-37.0684903966526,0,0
1,0,56.8962396099683,1,1
0,1,101.425261646785,0,1
0,0,106.187720132156,1,1
1,1,46.5031459708064,1,1
1,0,59.3760236790318,1,1
0,0,-14.3495086490665,1,1
0,1,5.55283099394043,0,1
1,1,60.695503236405,1,0
1,0,108.152595631971,1,1
0,0,86.4558130700634,1,1
1,0,162.693152896466,1,1
1,0,9.10402668381458,1,1
0,0,80.3925595809664,1,1
0,1,5.39702290898915,0,1
0,0,87.0578957921576,1,1
1,1,57.1628699007507,0,0
1,1,48.0794448624723,1,0
0,0,-3.54184929035227,1,1
0,1,77.1125491009702,0,1
0,0,19.5037256570945,0,1
0,1,45.6444199324896,0,1
0,1,41.7254070949022,0,1
0,0,94.7409496303411,0,0
0,1,44.9310777958575,1,0
0,0,49.0380408476495,0,0
0,1,103.215816187582,1,0
1,0,67.4085984019793,0,1
0,1,86.2009177500409,1,1
0,1,58.7582771179128,0,0
1,1,9.46424086774016,1,0
1,0,-8.23564693726793,0,1
0,1,100.546445649362,1,0
0,1,92.2118711446294,0,0
1,1,40.7525551131777,1,0
1,1,162.552750159096,0,1
0,1,41.2366604434344,1,0
1,0,-3.44003860751046,1,1
1,1,38.7270020337055,0,0
1,1,71.5680782692293,0,1
0,0,45.5676509119616,1,1
0,1,66.0615707866519,0,1
1,1,-9.7562035826973,1,0
0,0,-68.7285081647856,0,0
1,1,65.9110886213161,1,0
1,1,25.0765377029257,1,0
1,0,97.8382095573366,0,1
0,0,1.79573121305037,1,1
0,1,60.8888311262088,0,1
0,0,50.3163975355509,1,1
0,1,72.6168517555984,1,0
0,0,61.8069030310801,0,0
0,0,78.2496925040023,0,1
1,1,107.831316273369,0,0
0,1,157.3911263586,0,0
0,0,0.658400162241229,0,1
0,1,5.18105424431975,0,1
1,1,90.2609769765997,1,1
1,0,67.8590143368583,0,1
0,1,40.0577084883635,0,0
0,0,15.5889695599828,0,0
1,1,32.8447573243095,0,0
1,0,59.3347225219743,1,0
1,1,55.4688446657385,1,0
0,0,97.850584100428,1,1
0,0,95.9187213428892,1,1
0,1,108.66411576397,0,0
0,0,59.6288148608189,1,1
1,1,37.6021873749244,1,1
0,1,67.5343229541156,1,0
1,1,-3.14437148854459,0,1
1,0,17.8670261863567,1,1
1,0,7.30622145616586,1,1
1,0,55.6616996993803,0,0
1,1,53.0013797583162,0,0
0,0,50.9647261372346,1,1
0,0,91.2997954934626,0,1
0,1,52.5050151264359,0,0
1,1,96.9897812104126,0,0
1,1,94.3701177428486,0,0
0,0,48.3564651184544,1,1
1,1,103.751528687368,1,1
0,0,-23.5223661832471,1,1
0,1,-11.8252473827287,1,1
1,0,28.3650482850063,1,1
1,0,81.4289154556329,1,0
0,0,67.0454785273025,1,1
1,0,69.1189513278709,0,1
1,1,58.7620983744324,0,0
0,1,-34.376163906658,1,0
1,1,32.4182843474243,0,0
0,1,40.4310681549006,1,0
1,0,87.5037477791487,1,1
0,1,22.9190045514056,0,0
1,1,68.6449584287359,1,0
0,0,18.6671853900022,0,0
0,0,17.7530667935061,1,1
1,0,67.7241616383242,0,0
1,0,69.525256436606,0,0
0,0,33.6708011829425,1,1
1,1,20.925041772888,0,1
0,1,70.0930200718722,0,1
0,1,19.9815477257939,1,0
1,1,60.3105881129659,0,1
1,0,53.4452764568847,1,1
1,0,65.4313984294214,1,0
0,0,25.0339876528449,1,1
1,0,34.561587689763,0,1
0,1,37.2239521067964,1,0
0,1,126.024962546631,1,1
0,1,64.8601444749463,0,0
1,0,47.4055579584361,1,0
1,1,23.848098631283,0,1
1,0,40.1784120999486,0,0
0,1,98.8391124875871,0,0
0,0,32.5188509889912,0,0
0,1,70.241618329499,0,0
0,1,-1.140228652263,0,0
1,0,56.3310042974858,1,1
0,0,17.1706155117892,0,0
0,1,94.0393068170095,1,0
1,0,62.264155907451,1,1
0,0,29.5505667652478,0,0
1,1,55.8340054476475,0,1
0,1,101.682844916159,1,1
1,0,-74.7891746202828,1,1
1,1,8.69790816792572,0,0
0,1,83.9616263155663,1,0
1,1,19.9309391282988,0,0
1,1,8.53912373964746,0,0
0,0,6.64939943012784,0,0
0,0,46.2298661237233,0,0
0,0,41.9992036929926,1,1
1,0,18.7184669178133,1,1
1,1,59.3841200478591,0,1
0,0,43.3468425272876,1,1
1,1,135.50042066049,0,1
0,1,97.9442307283506,1,0
1,0,50.3071491821045,0,0
1,1,4.76435683724645,0,0
1,1,43.8232634522099,0,0
0,0,118.869596169989,0,0
1,0,74.4469299792534,1,1
1,1,24.2181571864459,1,1
0,1,31.894862380613,0,1
0,0,69.9183942056056,1,1
1,0,1.6948171865133,1,1
0,0,103.721253829067,0,0
0,0,97.146770596383,0,0
0,1,28.1505624851152,0,1
0,0,1.89902209312226,1,1
1,0,80.1142794308906,0,0
0,1,127.865031685277,0,1
0,1,69.289783810885,0,0
0,1,93.9721445496859,1,0
1,0,-22.3110916484877,1,1
0,0,118.860595503011,1,1
0,0,18.3162406038592,0,0
0,0,54.4485841316001,1,1
0,0,5.63872791803476,1,1
1,1,48.4434603064674,0,0
1,1,32.1375547933057,1,1
0,1,10.3623936948015,0,0
0,1,59.2580411587597,0,1
0,1,45.8215104451858,1,0
1,1,-22.0773257483705,0,1
0,0,32.0341939591779,0,0
1,1,26.5800828458045,1,0
0,0,68.7662679824235,0,0
1,0,82.1427898029891,1,0
0,0,8.85515914289392,1,1
1,0,12.628605675974,0,0
0,0,-22.7684457437717,1,1
0,0,-72.978358263885,1,1
0,0,106.30472019391,0,1
0,0,49.2601984084141,1,1
0,0,86.2880462040802,1,1
0,1,22.442558458755,0,1
0,0,91.5444338986302,1,1
1,0,90.3428052932977,0,1
0,1,47.7740912810859,1,0
0,0,34.273163218305,1,1
0,1,-6.17846807098854,1,0
0,1,-18.6458628985215,0,1
1,0,-45.6294368998125,1,0
1,0,51.8106301523155,1,1
0,0,137.819649315486,1,1
0,0,6.12192882704755,0,0
1,1,85.9853514348981,1,1
1,1,109.063427996468,0,1
1,1,63.8149181722019,0,0
1,1,2.49592362900945,1,0
1,0,98.7358067386358,1,1
1,1,77.2590660329885,0,0
1,1,143.198203732784,0,0
0,1,-19.9654910482171,0,1
0,0,133.605641897932,1,1
0,0,59.9035985695593,0,0
0,1,29.6765583449385,0,1
1,0,90.5273342241737,0,1
0,0,127.121473402049,0,0
1,1,58.1939566987183,0,1
0,0,86.1980863696083,0,0
1,1,20.5926419008846,1,0
0,1,87.514074655946,1,0
0,0,2.69488497087082,1,1
0,0,28.2023276622492,0,0
1,1,64.8405979296584,1,0
0,1,28.4034862512229,1,1
1,0,-3.52593954100229,1,1
0,1,97.2639429440409,0,1
0,0,53.6580572432198,1,1
0,0,15.8667463072673,1,1
1,0,27.3276859585913,1,1
0,1,117.577169237099,0,0
0,1,50.163853724977,1,0
0,0,89.7313625339723,0,1
1,1,114.431703082081,0,0
0,1,-36.5892850008149,0,0
1,1,56.2286276856982,1,1
1,0,24.006980530527,0,1
1,0,138.048273267142,0,1
0,1,36.4516248541673,0,0
0,1,67.3241341124619,0,0
1,1,91.7445231837837,1,0
0,0,-54.8506686262515,0,1
1,0,0.965699862556015,1,1
1,0,105.386996204715,0,0
0,1,96.2530402741711,1,0
1,0,33.2623442605737,1,1
0,0,89.8319123784282,0,1
0,1,8.25787854217367,1,0
0,0,45.8363592707648,1,1
1,0,10.8118277100594,1,1
1,0,72.5085078212912,1,0
0,0,19.43173823139,0,0
0,1,52.4057932842717,0,1
1,0,37.2503666664989,0,1
0,0,-13.2080591406197,1,1
0,0,61.3067123121374,1,1
0,1,82.1019136438931,0,0
0,0,77.9470622723381,1,0
0,0,23.6126319316414,1,1
0,1,50.5195060113003,0,0
1,0,62.0661630951616,1,0
1,1,96.8312841253418,1,0
0,0,1.99052519037351,1,1
1,0,32.6675227087047,1,1
0,0,-9.2033678883198,0,0
0,0,46.0765998663078,0,0
1,1,-30.8884221214019,0,0
0,1,86.8371012917758,0,0
0,1,99.2379027666158,1,1
0,1,41.5206609362279,1,0
0,1,57.9092216635464,1,0
0,0,62.4327702529056,1,1
0,0,78.3927468488455,1,1
1,0,-7.9202711018288,0,0
0,1,45.1521831292827,1,0
0,1,56.7396794378736,1,1
1,1,72.1337034823342,1,0
0,1,-75.9003116156739,1,1
1,1,129.324795576716,1,0
0,1,3.72401017742148,0,0
1,0,33.5929832732451,0,0
0,0,27.007726921506,0,1
0,1,56.0279772102421,0,0
0,0,29.3079662172601,1,1
0,0,42.6606193233518,1,1
0,0,38.7912825758749,0,0
0,1,64.2557947587455,1,0
0,0,12.1875231225512,0,1
0,1,88.605586221219,0,0
1,0,36.6042413321984,1,1
1,1,53.6365265278689,0,1
0,0,76.7697979864285,0,1
1,0,72.0024394855278,1,1
0,1,87.7061908489342,0,1
0,0,4.15982205974068,1,1
0,1,40.0383112674222,0,1
0,1,105.974722985184,1,0
0,0,76.7065164936709,1,1
1,0,45.4396038237856,0,0
0,1,-0.434699245689089,0,0
0,0,-70.2055713886952,0,1
1,1,97.5595878709586,1,1
0,0,50.1773535051732,1,1
0,0,32.751531737975,1,1
0,1,120.304044822022,1,1
0,0,35.5161500792664,0,1
1,1,50.7091455729389,0,0
1,1,79.1642594731633,1,0
0,0,44.1789347109764,1,1
1,0,43.4323885645077,0,0
1,1,141.977537055586,1,0
1,0,44.2716966245098,1,1
0,1,106.074919782778,0,0
1,0,59.6700393332729,1,0
1,1,58.7220045030332,1,0
0,0,31.855108813138,0,0
0,1,23.0735199648968,0,0
1,0,63.0132492737618,0,0
0,1,89.1906647546862,0,1
0,0,63.7403981192043,1,1
1,0,54.4992546966285,1,1
0,1,98.8980743521113,1,0
0,0,34.48759755733,0,0
0,1,18.4995135119045,0,1
0,0,84.5646870063156,0,1
1,1,82.4881116920496,0,1
1,1,88.4287934079279,1,0
0,0,-14.8165296690191,0,0
1,0,48.3982663231682,0,0
0,0,37.2837484220854,0,0
0,1,-47.5900647367528,1,0
1,1,73.0744523801103,0,0
0,0,13.1920707121999,0,0
0,0,-10.0708435234409,1,1
1,0,38.3995329515899,0,1
1,0,69.721207118891,1,1
0,1,42.1708061477942,1,1
0,1,66.5333940402777,1,0
1,1,95.7226391168217,1,0
1,0,13.0127219926546,1,1
0,1,73.3185127155098,0,1
1,1,61.9713339918984,0,1
1,1,103.118954919585,0,1
1,0,27.4655757438731,0,0
1,0,-20.654848726414,1,1
0,0,89.2355756154558,1,1
0,0,25.5906115610811,0,1
0,1,7.08463606734518,0,1
0,1,58.3294437685448,0,0
0,0,55.3008111578414,0,0
1,1,9.55616283228919,1,0
0,0,74.5521643365845,0,1
0,0,35.6301638986482,0,1
0,0,74.9043178369264,0,1
1,0,24.3209637336364,0,0
0,0,73.0876611583546,0,0
1,1,22.5993340085173,1,0
0,1,16.7894266072021,0,0
0,0,-16.8982190161309,1,1
1,0,-43.370576756706,1,1
0,1,80.2547599057661,0,0
0,0,115.729233231064,0,0
1,0,62.0687704935824,1,1
0,0,-14.0129291524906,0,0
0,1,6.54101745473631,0,0
1,0,71.8032050851143,0,0
1,1,50.7017342510016,0,1
0,1,37.5833437298837,1,0
0,1,77.0094299667858,0,0
1,1,128.196670684671,1,0
1,1,22.0769816249874,1,0
0,0,18.9660467270729,0,0
0,0,127.873964996282,1,1
0,1,87.9402642406038,1,0
1,0,27.388685818001,0,0
0,0,92.9381517269895,0,0
0,0,142.32148501589,0,0
0,1,128.628787659281,0,0
0,1,-2.47811044390428,1,0
0,1,-51.0455238645529,0,1
1,0,92.4430650807963,1,0
0,0,25.4686567723421,0,0
0,0,93.4469182837144,1,1
1,0,53.5430890771163,0,0
1,1,15.5834036210655,0,1
1,0,33.4397850135448,0,1
1,0,101.062280094944,1,1
0,0,123.293767592655,0,1
1,0,46.7911138207828,0,1
1,0,28.93263929384,1,1
1,0,90.6883119406927,1,0
0,1,41.3753454377781,0,0
0,0,72.8242717456585,1,1
0,0,-2.00557970187801,1,1
0,1,-14.491854694518,1,0
1,0,104.421551333894,1,1
0,0,62.0132229220444,0,0
0,1,73.9263209394052,0,0
0,0,-5.2897924744932,1,1
1,1,63.9622632496789,1,0
0,0,87.3750170734092,0,0
1,1,64.80068785442,0,1
1,1,34.9918731796782,0,1
1,1,92.4981231455148,1,1
0,0,68.4128264486924,1,1
0,1,6.16594824917566,0,0
0,1,32.4963551392778,0,1
1,0,-17.601040404676,0,1
1,1,25.648272658504,1,1
0,0,21.6669223386102,1,1
0,0,147.154163840366,1,1
0,0,64.6520388562943,1,1
0,0,74.7814926752702,0,1
0,1,-15.8611278198584,1,0
1,0,26.1248617577765,0,1
0,1,0.978631844100654,0,0
1,1,54.4456883151343,1,1
0,0,-14.3963067822048,0,0
0,1,67.690511357589,1,0
1,0,77.7362346095141,1,1
1,1,93.3886550185542,0,0
0,1,71.8045345541318,0,1
1,1,105.234905087928,0,1
0,0,94.0359502422721,0,1
0,0,72.0983818373272,1,1
1,0,37.9708240380249,1,1
1,0,83.554652463984,0,1
1,1,78.724083508995,1,0
0,1,37.6063713089817,0,0
0,0,-8.3169300832305,0,1
0,0,22.5844035537684,0,1
1,1,-3.91194593378488,1,1
0,0,57.8722451636638,0,1
1,1,58.3074969857943,0,0
0,1,4.45247187760372,1,0
0,0,105.355974824614,1,1
1,1,31.3858887116633,1,0
1,0,40.4201343548289,0,1
0,0,32.7321914334246,1,1
1,1,100.840575559866,0,0
0,0,84.6288536273947,0,0
0,0,0.535252674981962,0,0
0,0,90.7798382059088,0,1
0,1,58.6067828394724,0,0
1,1,135.684854914319,1,0
1,1,132.916829333227,1,1
1,1,63.8047936149687,0,0
1,1,-4.84868746306632,1,1
1,0,51.5609686796665,1,0
1,1,54.2657442141694,0,0
0,0,34.5819246385814,0,1
0,1,-34.0093450603854,0,0
0,1,-1.76823173701873,0,1
0,0,45.1391985443338,0,0
1,1,19.6443053566524,1,0
1,0,14.7358410615971,0,1
1,0,93.2534399425951,0,1
0,0,57.2150309799679,1,1
0,1,48.9875627469311,0,1
1,1,121.04266226321,0,1
1,1,38.2216900293804,0,0
0,1,78.1202420467649,0,1
1,0,89.0463002986235,0,1
0,0,28.4289008812669,1,1
1,0,43.7137248695656,0,1
0,1,92.1623338786506,1,0
0,0,65.665434555847,1,1
0,1,3.72891635844994,1,1
1,0,96.292029065897,0,0
0,1,28.9046249028137,0,0
0,1,38.9906261633774,0,0
1,0,58.4546530757742,1,1
1,0,-4.53091541570711,1,1
1,1,72.2411153733567,0,0
0,1,-8.36389922226563,0,0
1,1,49.1322472515321,0,0
1,0,0.810776127344965,1,1
0,1,34.8312534212382,0,0
0,1,2.49245022114345,0,0
0,1,57.1543804298907,0,0
1,0,-33.5465312988914,0,0
1,0,63.3872620983087,0,1
1,0,28.0468327025218,0,0
0,0,57.0795327090469,0,0
0,1,41.6174145869202,1,0
1,1,9.64218980552153,1,0
0,0,74.6487688673885,0,0
1,1,48.5599396559705,0,0
0,1,31.0237275205062,1,0
0,1,30.6102019679247,1,1
0,0,38.8017862520477,1,1
1,1,16.6741385301687,1,1
0,0,42.8137393982659,0,0
0,1,66.1990942204429,0,1
1,1,79.9884366966514,0,0
0,0,8.12228949652376,1,1
0,1,75.0822456489081,0,0
0,1,81.3886461131378,0,1
0,1,35.811463917534,0,1
1,0,83.2967932783533,1,1
0,0,12.5837185228725,0,1
0,0,41.4932868414321,0,0
0,0,83.5943322076101,0,1
0,0,19.9972382632684,0,1
0,0,76.453590650646,0,1
0,0,42.3231040896249,1,1
0,0,112.662811934037,0,0
1,0,14.4019184006864,0,1
1,1,120.314435254863,1,0
1,1,49.3301949675913,0,1
1,1,35.367641666827,0,1
0,0,79.1838552691973,0,0
0,1,44.9293081019528,0,0
0,0,74.3902837730057,1,1
1,1,18.8435140173415,1,0
0,1,7.79030434631211,1,0
1,0,-18.7675940640132,1,1
0,1,14.2177109330875,0,1
0,0,52.6255748584849,1,1
0,0,86.6315311450668,0,0
0,1,54.8367432451565,1,0
0,0,107.17373155496,0,0
0,1,39.6328521032085,1,0
1,1,50.876804887732,1,0
1,0,40.3805381560505,1,1
0,1,63.4682542043183,0,0
1,0,28.6201674526068,1,1
1,1,-67.5624628122216,0,0
0,0,54.1789949813942,0,0
0,1,49.4843196046169,1,0
0,0,131.264693211402,0,1
1,0,-25.3992050110734,0,1
0,0,90.3629032431492,1,1
1,0,-3.0014588143138,0,0
0,1,-75.5208138031318,0,0
1,1,26.4362230520851,1,1
1,1,-0.348580998960699,1,0
0,1,75.8627005812603,0,0
0,1,58.1546557796729,0,0
1,0,27.763689048276,0,1
0,0,68.8965367119848,0,0
1,0,31.4275146276473,1,1
1,1,77.1197346818584,1,1
0,1,57.110299167909,1,0
0,0,39.3057773266182,1,1
0,1,77.3443468067148,0,1
1,0,101.259491952892,0,0
1,1,33.2750052231616,1,0
0,0,142.646596682437,0,0
1,0,99.651608012457,1,1
0,0,70.6646002201857,1,1
1,0,83.799810374108,0,0
1,1,135.058789132275,1,1
0,1,30.6801485518465,1,0
1,0,29.4856324750431,0,0
0,0,76.4814211879609,0,1
0,0,69.2379622796546,1,1
1,0,90.1374161291984,1,1
1,0,10.9248754273795,0,0
0,0,102.708745119032,1,1
0,1,97.8377476245814,1,0
1,1,99.4458261814491,0,0
0,1,35.021278704291,0,0
0,1,22.6296929186785,1,0
1,1,11.9515645345971,0,1
1,1,80.3993946340329,0,1
1,1,-7.75260460285839,1,1
1,0,40.3539050966835,0,1
1,1,63.2143372427567,0,1
1,1,95.6681899018824,0,1
0,1,59.780089108581,1,0
0,1,15.2331686401387,0,1
1,1,98.4707661727579,0,0
0,1,17.3831849129866,1,0
1,0,-7.33675504901831,0,0
0,0,-23.7265997609219,1,1
1,0,33.5788572285254,1,1
0,1,0.67773234058226,0,1
0,0,115.764794691676,0,0
0,0,147.292067690095,0,1
0,1,92.1791478727375,0,1
0,1,22.7169498265181,1,0
0,1,29.539694886793,1,0
0,1,125.673184228852,1,0
0,0,32.6593025528239,0,1
1,0,91.6116819467973,1,1
1,0,28.4749503942357,0,0
0,0,39.7231890532515,1,1
0,0,22.6707550929891,0,0
1,0,56.1320204587841,1,1
1,1,73.298917079944,0,1
0,1,68.5501189237608,1,0
0,1,-30.5158692896356,1,0
1,0,99.3493146846835,1,1
0,1,-16.3688225519665,1,0
1,0,18.0718385182653,1,1
0,0,20.7453751385282,1,1
1,0,68.2630398836623,0,1
1,1,26.4652073652989,0,0
0,1,91.6663834728568,0,0
0,1,32.8356539009787,0,0
0,0,106.990955538571,0,0
1,0,13.5668116271013,0,0
0,1,-16.0237286310102,1,0
0,1,139.893430923016,1,0
1,1,47.3008895197552,0,1
0,0,48.4864853105096,0,0
0,1,39.7250186920433,1,0
0,0,75.3005291378807,0,1
1,1,47.4168989641704,0,0
0,1,41.3848443915908,0,0
0,0,56.7692129844878,0,1
0,1,34.3421650407121,1,0
1,1,-7.75468316816043,0,0
1,1,48.8032285417275,0,0
0,0,24.4804217299284,0,0
0,0,16.8195656185694,0,1
1,1,65.0537349889993,1,1
1,1,61.5881870171001,0,0
0,0,80.9032405954309,0,0
1,0,100.468379512921,0,1
1,1,2.84937574122709,1,0
0,1,78.7477527179869,0,1
0,1,5.88533994897247,1,0
0,0,101.158952461759,0,0
1,1,19.7247804620044,1,0
1,1,25.7350593700249,1,0
0,1,81.5703350533321,1,1
1,0,-3.14618050477826,1,0
1,0,51.2119847853715,0,0
1,1,69.6091253857794,1,0
1,1,42.6808755586957,0,1
0,1,67.1898045752756,1,0
0,1,19.1695820715407,1,0
1,0,73.3371751820854,1,1
0,0,28.4886548365404,0,1
1,0,-7.50658103420268,1,1
0,0,5.45913645745323,1,1
0,0,122.012677921493,0,0
0,0,67.5260011688668,1,1
1,1,50.9139542986034,1,0
0,0,81.6226955716051,0,1
0,0,95.2711376208189,0,1
1,1,124.620536275601,1,1
1,0,24.1425294723694,1,1
0,0,83.3974268374226,0,1
1,0,65.434732243586,1,1
0,0,54.537893350556,1,1
1,0,57.7614347286515,1,1
1,1,36.5816025023291,1,0
0,0,-3.21626286066217,0,1
1,0,25.1664683546131,1,0
0,0,18.4634651257326,1,1
1,1,22.3020177284429,1,0
1,1,-20.6536873407041,1,1
1,0,137.886396652105,0,1
0,1,25.1882839384012,1,0
0,1,31.9804982472532,1,0
1,1,44.728946229622,1,0
0,0,103.415939097518,0,0
0,0,94.0921940740278,1,1
0,1,17.1437966994251,0,0
0,1,79.7123920868756,0,0
0,1,37.4388442486646,0,1
1,1,80.7075255558253,1,0
0,0,81.3208988499302,1,1
1,0,5.64754651861718,0,1
0,0,84.0112240979749,1,1
1,0,42.2836020706212,0,0
1,0,17.7172478892601,1,1
0,1,55.6918566339063,0,0
0,1,86.8867441690944,1,0
1,0,54.4461458019736,1,1
1,0,38.8411840070929,1,1
1,1,102.861795985728,1,0
0,0,10.7193432628896,0,1
0,0,-17.482681564069,0,1
0,1,88.8535654841003,0,0
0,1,50.8027067612807,1,0
0,0,49.5938819339594,0,1
0,1,44.9645165417626,0,0
1,0,77.852277409346,1,1
0,0,113.037575185624,1,1
0,1,96.7635648641005,1,0
1,0,46.6109198318255,1,1
0,0,77.2456248240432,1,1
0,0,-2.5448686686095,1,1
0,0,106.20250260432,0,0
0,1,12.8508346592715,0,0
1,0,64.7681447724602,1,1
0,0,39.3664147133008,0,0
0,0,37.035289016531,0,0
1,1,-7.51430279259684,0,0
0,1,45.0602680353711,0,0
1,1,23.4479160093974,1,0
1,1,70.2411912148653,1,1
0,1,69.8211782532033,1,0
1,0,16.5232096919309,0,0
0,1,60.252925346719,1,0
1,0,88.2125338959194,0,0
1,0,76.6301590923854,0,1
1,1,13.8469449090244,0,0
0,0,65.1878114856155,0,1
0,0,80.991005954005,1,0
0,0,79.799589967997,0,1
0,0,20.9194166665832,1,1
1,0,30.6914012228618,1,1
1,0,78.7576743405294,1,0
1,1,38.3113451915402,0,1
0,1,32.0274793993627,0,1
1,0,120.52487207659,0,1
0,0,135.019385684137,1,1
1,1,23.1081641324578,1,1
1,0,-65.6434977406161,1,1
1,1,80.8035409474534,1,0
1,1,14.7636174454502,1,1
0,1,33.6333364891066,1,0
0,0,45.3857645542097,0,1
1,0,114.283095632222,1,1
0,0,53.8620363823961,0,1
1,0,47.3888410360484,1,1
0,0,97.4466518500804,1,1
1,1,8.64540946326645,1,0
0,0,-26.1475631854118,1,1
0,0,7.02910329868204,1,1
0,0,87.512851669099,1,1
1,0,101.692772204963,0,1
1,0,62.7699931664286,0,0
0,0,26.2657181272054,1,1
0,1,24.1740343429943,0,1
0,1,10.3065112220035,0,0
0,1,3.15304413222475,1,0
1,1,49.9292829283505,0,1
0,1,16.9415010273867,1,1
1,0,47.5408524963322,0,1
0,1,29.7900905507002,0,0
1,0,31.3973707588475,0,1
1,1,-14.9057269038981,1,0
0,0,19.2526550828379,0,0
1,0,43.7647555352993,1,1
1,1,62.8838796675874,1,1
0,0,7.99888716737894,1,1
0,0,135.173072727885,1,1
0,0,61.7594101667997,0,0
0,1,18.3301568167888,0,1
0,1,43.8897358073154,1,0
0,0,67.0231440059358,0,1
0,1,26.1447181413041,0,0
1,0,77.9385041988237,0,1
1,1,57.3876363859204,1,0
0,1,118.551403160745,1,0
0,1,28.5991168419986,1,0
0,0,52.6006070135844,1,1
1,0,4.55925087439147,0,1
0,0,30.7410901854115,1,1
0,0,51.5236921684521,1,1
0,1,30.180957129901,0,0
0,1,47.0428395526956,1,0
1,1,10.0541487065968,1,0
0,1,29.1951489707197,1,0
0,0,38.3208624721983,0,1
0,1,71.3650368032841,1,0
0,1,89.0423418765254,0,0
0,0,35.4733797184016,0,0
0,1,18.436333251695,1,0
1,0,17.9335349954855,1,1
0,1,-33.8334691542768,0,0
0,0,54.4036400542838,0,0
0,1,43.4474211026898,1,0
0,0,30.3971566740453,1,1
1,0,141.419843480947,1,1
0,0,49.4769252663454,0,1
0,0,-30.5810787934863,1,1
0,0,57.2466353785475,0,0
1,1,175.064440102292,1,0
0,1,67.2727061318061,0,0
0,0,-12.5881627649939,1,1
0,0,39.0170368933258,1,1
0,0,1.4789236662784,1,1
0,0,108.794296509386,1,1
0,1,29.3041826279222,1,0
1,0,-49.8204147954872,1,0
0,0,-4.8714720573704,1,1
0,0,73.3074487629808,0,0
0,0,32.6541740087798,1,1
1,1,-12.2277578323811,0,0
1,0,-81.2544298285903,0,1
0,1,79.5125448435124,0,1
0,0,7.42527678327331,0,1
0,0,-9.38281941255152,1,1
1,0,80.8809158891427,0,1
1,1,2.48089635040461,0,1
1,1,6.28083601365578,0,0
1,1,51.8181005553798,1,0
0,1,2.44817078316756,0,0
1,0,91.0794607066328,1,1
0,1,51.878205294669,0,0
0,1,-41.8742986078707,0,1
1,1,39.0670414714928,0,1
0,1,39.7647776261442,0,0
0,1,23.1148642336704,0,1
0,1,78.5816325235809,0,1
0,1,112.063520941755,0,0
0,1,30.3273829467428,0,1
1,0,60.8324867771688,0,1
0,0,59.7307968384869,1,1
1,0,43.6437859037248,1,1
1,1,31.8184004846517,0,0
0,0,134.395939319551,1,1
0,1,73.3526446843695,0,0
1,0,70.0190952970885,1,1
0,1,25.7564702706762,0,0
0,1,113.701727442428,1,1
1,1,13.2790373547367,0,1
0,1,103.962164676732,1,0
0,1,110.583469307039,0,1
1,1,27.8970642069363,0,1
1,1,29.5632794047962,0,1
0,0,49.6055719915732,0,0
0,0,29.4215611024144,0,0
1,0,34.6439158394395,0,0
0,1,57.6132230142763,0,0
0,1,71.4811156671972,1,1
0,1,29.2084221128778,0,0
0,1,75.6689618589337,0,0
0,1,37.9811467459137,0,0
0,0,21.2063478498938,1,1
0,1,92.8473013212273,1,0
0,1,15.0400795194819,1,0
0,1,73.2686133024669,0,0
1,1,37.5621100486256,1,1
0,0,11.7455023998565,0,1
0,1,-35.9547467361303,1,0
0,0,-2.90221350042327,1,1
1,0,54.7894627364926,1,1
1,1,46.3350724052539,1,0
0,1,56.013880171739,1,0
0,0,-7.5272513049135,0,0
1,0,104.575581613449,0,1
0,1,114.079735414784,1,0
0,0,81.5584108243084,0,1
0,0,75.5068767559769,0,1
0,0,43.7907449626592,1,1
0,1,-1.42611780165862,0,0
1,0,89.5468393210331,1,1
1,1,26.5438577028959,0,0
0,1,40.2121661032602,1,0
1,0,53.7303638479053,1,1
1,0,107.569334210377,0,0
0,0,14.2971798761774,0,1
0,1,71.6040063326761,1,0
0,1,-7.82458138091694,1,0
0,0,51.5807883263855,1,1
1,1,82.6338739766884,1,0
1,0,112.206056984018,1,1
0,1,61.0317683680189,1,0
0,0,5.33121211822085,0,0
1,1,12.9561176696071,0,0
0,1,102.140748913611,0,0
1,0,64.4295530863115,0,1
1,0,-15.7542314670722,1,1
0,0,-78.3479424156399,1,1
1,1,55.2151307800654,0,0
0,1,49.0500507941263,0,1
0,1,58.8641615101166,0,0
0,0,50.9007811230182,1,1
1,0,68.1490861239528,0,0
0,0,32.8475014244988,0,1
1,1,50.4115105636093,1,1
0,0,-1.07415732943993,0,0
0,0,108.46645997179,1,1
0,1,63.9122007635016,0,0
1,1,66.2093701734014,1,0
0,0,168.863083040153,0,1
0,1,53.0933867223982,0,0
0,0,30.5570153337536,1,1
0,0,45.7551455819636,0,0
1,1,61.4689108596374,1,0
0,0,20.4734495760604,1,1
0,0,115.4700491208,1,1
0,0,55.904250729742,0,1
0,0,-37.8480685505521,1,1
0,0,3.33697952196162,0,0
0,0,67.8792411463216,0,0
1,1,67.1748644150218,1,1
0,1,134.035957257496,0,1
0,0,30.7511273432382,0,1
1,1,-36.2711903962219,1,0
0,0,-3.70452773568948,1,1
1,1,56.2930551043604,1,0
0,0,57.6192160839435,0,1
0,1,75.9141268852414,1,0
0,0,64.3859225981146,0,0
0,0,140.263846481797,1,1
0,1,15.3521141952841,0,0
0,1,47.5204172845408,0,0
0,0,8.85713352704392,0,0
1,1,20.3306348636739,0,0
0,1,48.6573235896921,0,1
1,0,14.9427701411894,0,0
1,1,65.1161507658946,0,1
0,0,56.3148372529525,1,1
1,1,25.1399553658238,0,1
1,1,131.280895586268,1,1
0,0,10.4238572114563,1,1
0,1,57.9587771832538,1,0
1,0,4.95794345124153,1,1
0,0,119.116103110491,1,1
1,0,130.677701060754,0,1
1,0,54.7115015880726,0,1
0,1,60.727228346271,0,0
0,1,55.1635349279031,0,0
1,0,87.9063501378901,1,1
0,1,53.4769350120725,0,1
0,0,130.800794626544,0,0
0,0,12.4632119472326,1,1
0,0,29.1758460171493,0,1
1,1,106.637049008604,1,0
1,1,55.4153387525452,0,0
0,0,45.8670508118071,0,0
0,1,12.9882037352059,0,0
0,0,66.6055244231128,1,1
1,1,84.6649144916549,0,1
1,0,58.5195574790298,0,1
0,0,38.5795988645514,0,1
1,0,47.1146017085047,0,1
0,0,95.0736857564666,0,1
0,0,30.6399947114887,0,0
0,1,172.723172835555,0,1
0,0,9.07797722623506,0,0
1,1,40.0289375563797,1,1
1,1,80.2917710403638,0,0
1,1,100.394442072996,0,1
1,0,-15.2917344128585,0,1
1,1,2.84426106161207,1,0
0,0,5.23532356006963,1,1
0,0,-21.7953771713761,1,1
0,1,8.87120145638448,0,0
0,0,-17.2624015818959,0,1
0,0,49.8435865439559,1,1
1,1,67.6283315302143,0,0
1,1,-22.9265538691501,0,0
0,1,34.7218675470323,1,0
1,1,89.4782651105518,1,0
1,0,18.7723988308475,0,1
1,0,41.6627183122039,0,0
0,0,-31.4096708374145,1,1
1,1,61.0053100828774,1,1
0,0,15.4354187773467,1,1
0,0,65.8448540468222,0,0
0,1,145.656902824424,0,1
1,1,81.4193919323156,1,0
0,0,81.3230808259316,0,0
0,0,54.001830154931,0,1
1,1,103.241821537818,0,0
0,1,75.1693217386012,1,1
1,1,73.1033684342246,0,0
0,0,129.147852803865,0,0
0,0,151.484240891338,1,1
1,0,60.467292531201,0,1
0,1,11.6784074284988,0,0
0,1,97.0022768116815,1,0
0,0,29.1664854739377,1,1
1,0,58.5837577421004,0,0
1,1,41.8272982693684,1,0
1,0,24.5175238426563,0,1
0,1,100.077338645802,0,1
1,1,106.101665202275,1,0
1,1,72.8756463023266,0,0
1,1,131.247981792528,0,1
0,0,69.6577103148569,0,0
0,1,102.225463816463,1,0
0,1,64.4916700401389,0,1
1,0,32.1653206465586,1,1
0,1,45.7671131942883,1,0
1,0,58.040469033799,1,1
0,1,111.101214075603,0,1
0,1,38.4574782852062,1,0
1,1,-35.3117000996915,0,1
1,1,53.8867812064472,1,0
0,1,37.6607563292085,1,0
0,1,8.12914913316491,0,1
1,0,141.820398205626,1,1
0,0,131.091015032002,1,1
0,0,24.4172179332305,1,1
0,1,45.0932475305381,1,0
0,1,94.029195442613,0,0
0,0,63.2205131567269,0,0
0,1,20.8110188068167,0,0
0,1,75.6758359262442,0,1
1,1,150.012002632988,1,0
1,0,46.0836602873069,1,1
0,1,75.1431992348008,0,0
0,0,72.0983541813766,1,1
1,1,15.3569232786973,1,1
0,0,-19.0590363229657,0,1
0,1,-39.0841274700845,0,0
1,0,23.1906099836238,1,0
1,0,103.114680563637,1,1
0,1,30.1954439094538,1,0
0,0,84.3625885249574,1,1
0,0,49.1741820316906,0,0
0,0,6.45296245861115,0,0
0,0,53.7380758217627,1,1
0,0,72.6042360850239,0,1
0,1,100.521759774298,0,0
