exercise_time,health_score,age,is_female,income,is_student
1.982753334,-1.50989447,19.28821155,0,2.460737542,1
2.051013391,-2.384823432,14.98286283,1,-3.770836451,1
1.90081246,-1.758002743,21.73549703,1,-4.162467282,1
1.458312408,-2.702384382,13.49396375,0,2.116920708,1
2.021877244,-1.863581661,26.67188622,0,2.631356636,1
0.320691118,-3.467908621,22.35799336,1,0.459377837,1
2.588333822,-1.176483591,15.89899724,1,-3.015415897,1
1.675566953,-2.201460479,16.51095779,1,2.347489318,1
2.988135223,-0.485965143,20.69537597,1,3.293759462,1
0.657736745,-3.967256359,20.07694957,1,-2.51349007,1
2.780053162,-1.806269726,24.12260541,0,-2.776251654,1
2.679421573,-0.342093297,26.98107112,1,1.1377571,1
0.478695365,-3.059435094,18.37853233,0,-3.63099126,1
-0.549497653,-3.874569326,18.77404031,0,1.380420157,1
3.701830256,-0.861014745,20.95158725,1,-2.291743031,1
2.807762591,-1.079602131,16.53467036,0,0.389687518,1
4.037349041,0.061470024,19.81176573,1,0.306794234,1
2.740482202,-0.653522409,23.3452963,0,-3.262289993,1
3.10284722,-0.730744565,19.85536519,0,-4.225374314,1
2.350943759,-0.734669072,15.4876372,1,3.485479216,1
2.860874445,-1.751209419,23.81606788,1,1.64388373,1
0.618894202,-3.284165795,16.98963169,0,3.415966187,1
1.774447412,-2.449450638,23.05330222,1,2.555923306,1
0.658999473,-3.431077743,20.13158691,1,-0.102942657,1
1.72705173,-2.020866036,19.31581913,1,1.203553584,1
3.332982942,-1.314816904,20.40936425,0,3.086647246,1
3.337252715,-0.499717865,20.49042257,1,4.810827125,1
0.476045391,-3.460915496,19.72543272,1,6.648489789,1
3.151521602,-1.705538834,18.94126688,1,1.946931887,1
-0.190758328,-3.881654646,20.33619132,0,-2.280384732,1
1.822015408,-1.968812992,18.62363438,1,-0.169956823,1
1.635160094,-2.337470344,22.49899058,1,2.040068653,1
2.419966842,-1.793019354,17.92345736,0,-6.181968538,1
1.769104908,-2.97931612,15.1642947,0,5.546302838,1
2.588989962,-2.305970895,22.62352734,1,-6.298947513,1
0.602314195,-3.070734782,20.86869514,0,0.452591393,1
0.865071492,-3.548349362,17.62814639,1,-1.287690294,1
-0.142724952,-3.764159445,21.42450858,0,-0.942114819,1
1.831342676,-1.324212076,20.18042522,0,4.49447399,1
1.439609855,-2.397343455,19.42294808,1,-3.827687173,1
3.703741586,-0.15212187,23.21303848,0,3.199545028,1
3.204962331,-0.888124741,20.15055632,1,3.707293372,1
1.844716928,-2.168227498,21.46829046,1,-0.076542782,1
1.087623346,-3.059202818,19.86978403,1,-3.543191235,1
2.449764404,-1.90782197,22.25170812,1,1.008784563,1
2.555516436,-2.103014759,20.56433117,1,0.828982688,1
1.534652124,-1.768076688,15.69723113,1,0.050575873,1
2.63661082,-1.521300476,13.67332583,1,-4.270680151,1
1.715397098,-2.912406117,15.38218023,0,1.156278083,1
3.774384819,-0.46504073,19.70979963,0,-3.96373345,1
2.181889364,-1.267429747,20.2363435,1,6.600254503,1
2.332163046,-1.347512559,22.4008124,1,3.707839463,1
1.484132031,-2.403459741,24.91890205,0,-3.062568405,1
2.318130187,-1.96834745,19.97741215,1,0.339169125,1
3.002147618,-2.097663999,14.19002961,1,2.281714142,1
2.494567079,-1.889376115,22.9611167,1,-0.131520477,1
2.815066317,-1.010827301,19.29882558,1,-2.068412846,1
4.53601545,-1.157463834,15.54265663,1,-6.003251756,1
1.393425104,-2.889577849,18.48496944,1,-2.010432602,1
1.935808039,-2.59167706,22.90186284,0,-1.078565269,1
2.859629654,-1.22661047,20.65700659,1,-0.798000878,1
-0.577330562,-4.319116921,22.59957255,0,3.088096333,1
1.323349999,-2.496863605,19.54516515,1,0.196140121,1
0.650982981,-3.534332731,18.31876075,1,-0.198811707,1
3.057339625,-1.097384329,19.23794374,1,0.840626465,1
1.626502667,-1.734080336,20.26635518,1,1.51639499,1
2.36804643,-1.180512275,21.01531734,1,3.113617468,1
1.603570523,-2.829147463,19.59853594,0,6.571338384,1
1.535559367,-2.88528018,16.454358,1,-3.419598337,1
3.042699527,-0.981992298,16.64903687,1,-0.042532888,1
2.272754872,-0.968451722,21.73788373,0,1.454745413,1
2.705590679,-1.58866401,19.99202406,1,-5.957340081,1
2.46581749,-1.304369352,16.80781096,1,1.676261873,1
1.233178617,-3.065934728,20.21346293,1,2.190757216,1
2.398266686,-1.210201641,21.70026764,0,-0.057612189,1
1.297047871,-2.309651966,21.22191594,0,5.992264467,1
2.217597058,-2.17396339,17.53553162,1,4.26721673,1
0.440888011,-2.84876336,16.63306729,0,-1.460070863,1
2.867069441,-0.843187827,19.01684418,1,-2.990856435,1
2.148366067,-1.617125087,21.02378972,1,3.115008548,1
1.80443379,-1.879200116,20.00693257,0,-2.020022645,1
4.598445156,0.358855575,18.88037076,1,1.671834429,1
0.38803032,-3.014463327,23.69564452,1,-0.023109269,1
0.85566693,-3.264635127,17.73092557,1,1.398061743,1
3.170736076,-1.772666413,19.05997431,1,1.083082997,1
0.477362539,-3.304760338,21.64584212,1,-0.862946546,1
0.351321557,-3.337735681,19.35566826,1,0.346976896,1
1.934829965,-1.037959994,26.07906273,1,-1.431373534,1
3.689531199,-0.210175505,21.48715991,0,-6.513443105,1
1.038311887,-3.231332871,17.82781717,0,-0.765325992,1
2.242744863,-1.863418073,18.01908052,1,2.239271812,1
2.443282712,-1.055846675,20.40241577,1,-1.432335449,1
1.229381756,-3.038291803,21.98071045,1,5.960046324,1
3.496321326,-0.853330721,16.71036188,0,-4.263280712,1
2.028632136,-1.919876746,22.40531387,0,1.339433107,1
2.094418434,-1.476680504,14.24452937,1,0.667519149,1
1.760007222,-2.353350725,21.26583283,0,2.093708483,1
1.013785148,-2.774869221,19.62179734,1,-1.820068057,1
2.036134976,-2.375751809,21.39234433,1,0.538642126,1
2.73411361,-1.472260347,20.49735485,0,-1.49894389,1
1.431593699,-2.092997078,16.91634454,0,2.688930999,1
0.989064764,-2.644225611,23.82875568,1,-4.539534287,1
2.713687925,-1.775005149,17.35233259,1,0.258275361,1
2.436956036,-1.42133397,15.04235614,0,0.270914809,1
0.599543326,-3.238692496,18.39858422,1,-2.432812019,1
2.92265806,-0.785750829,23.67401038,1,-3.605421886,1
0.134373001,-4.181609245,25.25784098,0,-5.467528532,1
1.189896188,-3.347111474,15.83901327,1,-1.096061323,1
1.862719949,-2.315772873,21.70886708,0,-2.466817,1
1.356437208,-1.867102836,15.59042624,0,2.24369652,1
1.277653324,-3.068543945,19.97256374,0,-3.820189522,1
1.795476193,-2.104940558,16.97045321,0,1.720320864,1
2.101871643,-1.845889352,16.17932982,1,-0.624989778,1
1.78104122,-3.050245057,21.96550965,0,-2.479542456,1
2.663034814,-1.712747022,23.75842928,1,0.594914692,1
3.20435852,-1.545690804,22.06940946,0,1.342980769,1
3.234913317,-0.789764426,16.91300276,1,1.125706802,1
2.226231332,-1.678007158,25.27789392,1,-2.038884808,1
2.22637706,-1.643180744,21.38446406,0,-2.338923035,1
1.489787578,-2.191727056,17.17076271,0,0.259874642,1
2.562910826,-1.72772603,16.0979506,0,-1.74712482,1
0.315593142,-3.225746367,17.98268221,0,-0.725404411,1
2.186410617,-1.529953111,22.18729761,1,5.249650943,1
3.687507547,-0.540069299,21.9820682,1,-1.148134856,1
2.289084614,-2.306965797,15.19744266,0,1.021518088,1
1.723237008,-2.541968369,18.75003481,0,3.44938698,1
1.985368071,-1.990510919,25.64602349,1,2.919921065,1
-0.509721088,-3.971890144,15.1148005,1,-0.759894,1
1.39793577,-2.879692897,16.65494654,0,4.569177933,1
0.97776667,-2.10846475,14.76672109,0,3.637352361,1
1.052993895,-2.815722685,18.6956626,1,0.667637496,1
3.291054727,-1.063994,18.3639142,1,0.533810194,1
3.245830286,-0.154685636,18.73360587,0,3.957611306,1
1.163151149,-2.85048823,14.31303642,0,-4.577652687,1
1.320504897,-2.751836974,25.7311377,0,-3.484938833,1
2.529362233,-1.599576032,18.7855693,1,-1.205877576,1
2.146619668,-1.88067867,15.99957903,1,-2.4718519,1
2.731455249,-1.258938606,21.60996572,1,-3.596485804,1
3.529397224,0.127323508,19.78768434,1,6.84879218,1
1.34284462,-2.828074077,12.63109357,0,3.286658033,1
2.515719517,-1.196935487,17.53701073,1,4.063488636,1
2.214303994,-1.852141209,19.31731981,0,0.550036631,1
0.424553564,-4.175433995,18.87715525,0,6.118308733,1
1.77365937,-2.286161066,16.78625546,0,1.686650296,1
0.216877303,-3.497519123,19.27706655,0,1.219677303,1
2.388435354,-1.81315336,21.79622756,1,-2.248036731,1
2.584470542,-1.388333503,22.43252843,1,3.664385127,1
2.312084617,-1.871241657,20.78448249,0,3.363689429,1
-0.082059092,-3.609099935,19.17132974,1,3.397340674,1
1.941580504,-1.973138765,15.11229303,0,-0.232205005,1
0.709233368,-3.45500734,19.67184632,0,1.734690284,1
1.210108803,-3.129383126,13.1525816,0,1.72266233,1
1.903329741,-1.614938645,21.41162757,0,1.262732772,1
0.450210571,-3.3627399,22.92934773,1,-4.463340345,1
0.035755098,-3.787085327,22.91272333,0,1.18198902,1
0.825719192,-3.363668432,22.15895564,0,-1.652197561,1
2.539770492,-1.270736289,21.43704578,0,-2.068590627,1
2.46692528,-0.890353794,25.22535343,1,0.697410834,1
1.813183891,-1.445397772,23.18319478,0,3.144435461,1
1.833776362,-1.228652371,19.6537924,1,0.04437404,1
1.875264761,-2.159413949,19.18692845,0,3.042426019,1
1.827010931,-2.636917033,19.6860859,0,-1.353153368,1
1.048648773,-2.819922659,19.31926493,1,-1.492336428,1
3.148764859,-1.793805159,20.3556374,1,-2.962319029,1
2.197864949,-1.526611231,18.30382192,1,-1.182243375,1
1.843100732,-1.65074226,19.13711328,0,1.12017939,1
1.522812526,-2.423779265,21.84658379,0,0.307706976,1
3.105156051,-0.737093202,20.70476417,1,-2.896829984,1
3.38813965,-1.048367888,25.77570612,1,2.683810669,1
1.567478433,-2.621657936,22.2011591,1,2.223852186,1
1.535763637,-3.006519193,21.43601528,0,1.953713607,1
3.765572169,0.113259489,17.16458357,0,-4.564604838,1
1.355083327,-2.144882497,28.90797435,1,-3.980006549,1
2.607393364,-0.953272659,17.08005212,1,-2.799702199,1
1.410749205,-2.992118085,20.36145908,0,0.300955406,1
2.047818335,-1.912640756,17.58265119,0,-3.763876607,1
0.823658588,-2.741795025,16.49308037,0,-3.8221592,1
2.074939219,-1.985124807,20.62460597,0,-3.718738763,1
2.886274898,-1.324097892,19.93512265,1,0.219211583,1
3.249807565,-1.166908606,23.64224046,1,1.920225933,1
1.740488513,-2.785997137,20.81772638,0,-1.150208253,1
4.088838069,0.411144578,15.671885,0,1.660281082,1
4.660171808,0.562334282,18.85907628,1,1.760566124,1
1.563346539,-1.966295579,19.31250946,1,0.154316634,1
1.857815121,-2.897656809,17.10612258,1,-6.677892473,1
3.272829218,-0.907707139,15.22539879,1,-2.079664975,1
2.153237088,-2.536158163,19.30100398,0,0.993355143,1
1.641865608,-2.370445538,17.11194776,0,0.66627434,1
2.810444886,-1.671976714,18.99641622,1,-0.602938152,1
2.711320709,-2.156858369,18.14187717,1,-5.045287266,1
1.89849761,-2.152945723,17.53044815,1,-2.629062953,1
0.412809097,-3.582092339,17.10219538,1,0.12964429,1
1.362243737,-1.834779117,17.69683642,0,-2.890461499,1
3.56677938,-0.931563296,24.7368504,0,-3.010396961,1
1.711807949,-2.804392434,20.11910238,0,0.03093375,1
2.775891821,-1.298149146,19.80680122,1,-3.272674573,1
1.456268186,-2.733496261,16.73039249,1,-0.087161941,1
1.342828624,-1.89649966,21.11269547,0,5.45419763,1
3.292358292,-0.870664407,19.32979815,0,0.274354354,1
2.717419462,-1.204976544,21.01250281,1,-4.763867921,1
0.730631917,-2.765668351,18.93538088,0,1.687860899,1
2.449158768,-1.649738954,18.57887892,1,-0.792881369,1
1.663590166,-2.117080213,22.92978762,1,4.389421913,1
2.485328574,-1.763309088,14.09651785,0,-2.471931898,1
1.867357497,-2.319246556,20.47372624,0,-0.152974315,1
1.079396816,-3.08443311,18.7342925,1,-1.548794548,1
2.178477925,-1.273577711,24.55990853,1,-2.032342808,1
1.129545935,-2.147787409,26.46260122,1,-0.083395234,1
4.18663149,1.127208984,22.36298279,1,1.467004828,1
1.055084221,-2.838654962,17.4313366,1,1.212462517,1
1.538494174,-3.11419019,25.63162968,1,-4.765925112,1
1.355555642,-2.989807891,17.17653064,1,-2.703115022,1
0.767432718,-3.418997674,15.2331213,0,-3.862119137,1
1.773736398,-1.700614781,20.02033664,0,3.285834848,1
1.550120307,-2.98426717,19.36409415,1,-6.210248138,1
0.343261178,-3.322091874,18.10195577,1,-5.975185148,1
1.272621798,-2.476324907,16.7693711,0,-0.066973783,1
3.554571342,-1.416819601,19.1233095,1,2.192786226,1
2.202023744,-1.96741995,19.97619508,0,-5.533364463,1
0.993551138,-2.446056176,21.78879622,1,5.824518744,1
2.25418702,-1.609416326,20.71440131,1,-2.445635354,1
2.471554451,-1.947682987,24.22138073,0,-1.650844383,1
2.594936876,-1.53938071,23.60013323,1,-6.804909103,1
2.142586509,-1.915262548,15.83808915,1,-6.353697989,1
2.458694872,-2.303749371,18.946561,0,2.135805811,1
1.449580701,-2.520543547,26.4887484,1,-0.407806794,1
2.151116631,-2.280561833,19.65212989,1,-0.328628926,1
2.01147503,-1.160413748,22.62055153,0,4.191899622,1
2.188203659,-1.949425453,19.12306029,1,3.59725959,1
2.839957634,-1.400218757,22.01671345,0,-2.968756599,1
3.921001168,0.019685691,18.99900046,0,-2.340190285,1
3.268882907,-1.4614869,21.73375947,0,-2.939257267,1
0.729177003,-3.215481196,21.71405925,1,-2.032127971,1
1.942220932,-2.110922144,17.24373042,1,-3.661977831,1
1.685252886,-1.566241652,15.08454786,0,-1.480560706,1
2.322677414,-1.608134605,17.44522255,0,1.418849771,1
1.891626004,-2.161707677,24.46344391,0,4.029749986,1
1.548149861,-2.00132095,23.5784583,1,3.237674467,1
1.394617461,-2.903054153,16.73578039,1,-0.529754867,1
3.17877228,-0.516519894,18.8643611,0,-2.748003914,1
2.678389003,-0.864027266,22.46390156,1,-1.385472123,1
1.297416821,-2.745671413,18.44370399,1,2.450615618,1
1.532780627,-2.56690803,21.67429941,1,2.01754715,1
3.811418285,-0.343690575,17.03828173,1,1.971302993,1
0.717275445,-2.664871836,20.06059676,1,-3.094256048,1
3.037864638,-1.152422325,21.77764713,1,4.665405701,1
1.556879855,-2.002888806,20.56446436,0,-4.424612251,1
0.273787136,-3.746285683,23.44174388,1,4.291984792,1
2.854939816,-1.325649402,21.4156251,0,2.664871187,1
1.411077677,-2.970794417,24.01856602,1,-2.523440001,1
2.183391361,-3.050580248,21.80055731,1,3.437082637,1
1.169887171,-2.099245309,21.63148246,0,-5.464037682,1
3.021673978,-1.348064918,19.76968926,1,-3.298225103,1
1.808883974,-1.863251166,15.33741497,1,-0.678000247,1
3.324295718,-0.272053679,22.85072192,1,0.856006233,1
1.870682013,-1.979434534,18.28355411,0,0.293048362,1
0.38683074,-4.18336942,17.45417788,0,2.994601181,1
1.437988229,-2.631772234,14.47450563,1,0.893957093,1
3.486777278,-0.487482654,17.63656083,0,4.874223517,1
1.61217701,-2.678239877,16.58852547,0,-5.437103201,1
1.743195007,-1.828057794,14.56083665,0,-5.15842741,1
1.317016446,-2.979670614,18.34159493,1,-0.786503141,1
1.203346263,-2.87420794,24.03636787,1,5.999520863,1
0.823428824,-3.314234632,15.50692648,1,3.677838983,1
1.432966338,-3.030282688,17.86530434,0,0.403792639,1
1.776509045,-2.570838735,21.50752456,1,3.182198913,1
1.16658888,-3.860540616,17.61006282,1,0.845169911,1
0.728266188,-2.850175436,16.86685248,0,-5.473499296,1
2.575898693,-1.191265363,19.30519729,1,-0.94667192,1
3.276556093,-1.544652544,20.05955802,1,-1.626985327,1
3.528190098,-0.635891526,21.51383983,1,-6.755079952,1
0.967771504,-3.246483019,17.50567913,0,3.584614774,1
0.44836921,-2.834875266,18.27845083,1,3.980702242,1
2.841008268,-0.564246302,25.20583867,0,-1.198869739,1
2.360413996,-1.142293661,23.85996397,1,-2.846633074,1
2.253508426,-1.164418001,24.07164126,1,-4.198927116,1
3.649202249,-0.169577003,18.39046278,0,-3.278285589,1
3.154317794,-0.582280816,17.10483766,0,2.738138967,1
3.297556806,-1.229929259,19.37800005,1,0.999264146,1
2.724721556,-1.543891594,23.7057129,0,2.550503143,1
4.625599193,0.43709036,25.36157185,0,5.631481646,1
2.388950311,-2.219741165,23.75825466,1,0.536655354,1
2.490161931,-0.3994589,18.81227392,1,-1.488333161,1
0.542752193,-3.03615843,19.2820108,1,0.983053861,1
1.199904149,-2.855644038,17.46158261,1,-4.75331051,1
1.825565458,-2.232627657,15.56980473,0,-3.501276653,1
2.886162055,-0.791433195,18.98764461,1,-5.061014141,1
2.873027715,-0.777244258,21.91391816,1,-4.537265317,1
1.703385903,-2.060436544,25.35335861,0,9.130247009,1
1.965825969,-2.099755139,23.53150033,0,-4.420067126,1
2.248497913,-1.847434772,20.39139708,1,-0.334232517,1
2.775560192,-1.219630954,24.08240633,1,-1.106430706,1
1.617872933,-2.52329437,14.94027294,1,-0.327275386,1
2.572087551,-2.088642629,20.4536323,1,-2.439856706,1
3.873235973,0.063111046,18.53778156,1,-1.23961073,1
2.070124106,-2.026278618,20.76011529,1,-4.807042542,1
2.434397494,-2.293233379,18.66604775,1,-2.527248753,1
1.100432067,-2.750961534,16.40134964,0,0.844027733,1
1.591044659,-2.231761654,16.9785994,1,-6.053054269,1
0.569321277,-2.969456378,20.22613435,0,-2.394403579,1
2.141989337,-5.056248297,40.25017838,0,0.436315828,1
5.202494594,-3.385379246,42.07401436,1,1.448926981,1
2.718230618,-5.168089676,41.76956857,1,-0.880293746,1
3.413213224,-3.536711773,43.29561618,1,-0.5021261,1
4.190228751,-3.54565743,39.17676009,0,-4.173616637,1
3.620004309,-4.22763035,38.92445574,1,6.141824289,1
2.796154191,-5.23878859,39.57355935,0,4.430055562,1
4.048327537,-4.252634593,40.94358303,0,-4.780179282,1
3.383262409,-4.752744092,39.5413824,1,0.883997165,1
5.444243716,-2.98994133,44.14657689,1,-2.044958325,1
5.533439479,-2.034037493,38.5580999,0,1.50027128,1
3.686020639,-3.984406101,36.79010425,1,0.431693135,1
3.66324438,-3.929569135,38.89999728,1,-2.187823252,1
5.728949122,-2.394218124,42.27711844,0,-1.286661311,1
3.342767829,-4.794966198,38.91588505,1,-2.99266439,1
3.559455142,-4.520107881,37.56456629,0,-1.771739413,1
2.60817648,-4.566081883,32.77624061,1,-3.885414332,1
3.772230507,-4.460424963,43.66093395,0,0.492931184,1
3.649530998,-3.5362029,42.19584903,0,-0.389690637,1
4.948095868,-3.410921985,41.54346127,1,0.212020496,1
4.931713323,-3.531052034,38.81039902,1,4.708929332,1
1.21243322,-6.984534317,43.02763402,0,-4.3509449,1
5.250833427,-1.631090424,41.98231627,1,0.740119749,1
4.754850985,-2.263556849,40.86429032,0,0.97672654,1
3.396712002,-5.241034906,41.25861056,0,5.847572665,1
3.940932704,-4.011535832,37.21300198,1,5.149965076,1
3.669762678,-3.961332312,45.62724216,0,-4.680042928,1
4.404460477,-3.458103375,38.48336521,1,-1.259173644,1
3.843750576,-4.410564056,42.77824235,0,4.41259561,1
3.738212098,-4.500338127,39.47472234,1,2.709262125,1
5.45623937,-2.736155947,35.68790449,1,1.10172494,1
3.379317629,-4.754514549,37.24876677,1,-1.218857258,1
4.686299236,-3.651248204,36.95492019,0,-2.650112065,1
3.770202639,-4.462943826,43.73169888,1,-0.81868886,1
3.104437725,-4.596692079,39.25335624,1,1.418185774,1
3.994330991,-4.208983517,40.9717522,1,-1.453557212,1
5.215462936,-3.319136559,35.26414991,0,-0.559129644,1
3.326398989,-4.290862607,44.79708007,0,2.751609888,1
4.19470544,-4.190431999,44.36257788,0,3.464047522,1
3.001424179,-5.503870463,41.73842034,0,4.55155353,1
3.977270457,-4.164157489,43.20279864,0,1.810924261,1
3.47359456,-4.601299063,41.5904698,1,2.604635737,1
5.113404006,-2.605494348,41.64862596,1,1.264895912,1
3.124958468,-5.167158166,40.37993352,1,-1.825669202,1
4.211583459,-3.37952746,38.76065155,1,-4.344493677,1
1.599962243,-5.48924626,40.31788149,0,3.244622866,1
4.6466533,-2.953857198,42.47508445,0,-5.864159401,1
4.60018077,-3.629417769,36.65704809,1,-1.032750395,1
4.34064544,-3.988505909,34.00394987,1,-4.418681369,1
4.199746028,-4.001157932,44.57663799,0,-4.332833206,1
4.381617038,-4.203603331,38.61025152,1,2.529033654,1
3.924020738,-3.821482359,40.24015137,0,0.27138939,1
4.491724528,-3.175999597,36.44576534,0,-3.170378626,1
6.082854221,-1.74559933,44.36127055,1,-3.43801208,1
4.431679072,-3.661999951,38.36526282,1,3.386541553,1
3.799347526,-4.163645452,41.27317149,1,-0.752826046,1
4.116743358,-3.857374214,40.8024869,1,12.15157934,1
4.265258086,-3.480006342,42.28886438,0,5.688498246,1
5.148529373,-2.573223482,38.69971054,0,5.803050373,1
4.131252679,-3.633828819,39.4448253,0,5.257673148,1
4.360029207,-3.364232458,36.72645149,1,0.834024726,1
5.172868215,-2.766553319,39.36220006,1,-4.001459136,1
3.648639458,-4.025104417,41.2136017,1,-0.935441312,1
3.701457596,-3.911459957,44.7091624,0,3.35732432,1
3.622475963,-3.65910313,39.20377254,0,-1.589817775,1
4.747898688,-4.187130511,42.3767631,1,-5.334856065,1
2.503203713,-5.525696599,42.76676436,1,-3.90979658,1
4.255422679,-3.154079124,41.24270632,0,-3.020788086,1
6.276779762,-1.51349527,37.36498722,1,-1.198361544,1
2.30342272,-6.02163223,45.22688385,0,-3.547722948,1
3.797251148,-4.483358931,39.3900475,1,-1.313856083,1
3.666665568,-3.95173398,39.10678961,1,-0.447542816,1
3.520669688,-5.024792494,38.91439333,0,-0.451797915,1
2.807495741,-5.541770017,39.12440577,0,-1.568096775,1
4.382511167,-3.52739576,41.43471655,0,-1.434247447,1
4.123913273,-3.975425514,34.8905277,1,2.666165392,1
4.431274972,-3.33276824,41.30421177,1,-0.361728242,1
2.583518086,-4.881474526,39.68619035,0,-2.108614114,1
5.391624023,-3.086613275,34.85424166,1,0.567337325,1
3.847706228,-3.373421233,41.13605029,1,0.601762554,1
4.252162525,-4.433099972,37.64714953,1,-1.744564627,1
4.321191374,-3.697648138,40.24251183,1,2.657771993,1
3.670189638,-4.486421874,44.94891699,0,3.175309086,1
3.577310923,-4.3350332,40.84996372,1,-5.3486318,1
5.039390952,-2.622748727,38.86227269,0,-7.049845626,1
5.131533219,-2.499306964,42.96837883,0,-1.964098995,1
3.566584499,-4.483405839,36.31508688,0,-1.316898714,1
3.696413173,-4.580072832,39.03486768,1,-1.674094665,1
4.211057204,-3.405047349,44.736118,1,1.898578941,1
4.274152823,-4.055481594,39.98622488,0,1.067790101,1
6.183324234,-1.555287135,33.86879816,0,2.854720622,1
4.993708263,-3.372787988,46.34422185,1,-2.349898519,1
5.22601341,-2.654094833,38.16278052,1,0.185920707,1
5.533910256,-1.928367708,42.7646784,0,4.172328203,1
3.908702457,-4.110834935,40.96247317,1,1.6322272,1
5.844670872,-2.679593504,42.2896582,1,-1.906995766,1
3.586445479,-4.989645712,35.59495892,0,1.583106268,1
4.328300568,-4.81783155,39.43157276,0,2.987188641,1
5.256444656,-3.501142482,42.69701528,1,1.684995436,1
3.660677915,-3.966368246,40.72122128,1,-1.980987571,1
4.757336067,-3.043223727,38.51444249,1,-0.560032956,1
4.159110713,-3.665274207,45.41258552,1,1.406740379,1
3.842276999,-3.892529285,33.76794706,1,-0.060029877,1
1.482793423,-6.213754826,41.20932141,0,-4.532039997,1
5.077899287,-3.556281152,35.71262777,1,0.659427691,1
4.845325992,-3.422083135,39.14430961,1,-1.279603762,1
3.51907135,-4.625120912,42.6887921,1,2.488883941,1
4.612004348,-3.558897612,37.46396763,0,-4.538930389,1
4.421796827,-3.946461039,42.56125722,0,1.303558405,1
3.929736242,-3.64030497,37.27801485,1,-2.595592303,1
4.654585099,-3.09338589,36.41875859,0,3.297908972,1
2.23846329,-5.493676594,43.21601185,0,-0.453455577,1
3.988987992,-3.512152328,37.87883725,0,1.677373118,1
3.955895541,-4.050080185,41.50453513,1,-3.095667592,1
2.886092457,-4.820685151,39.62697022,0,1.036908942,1
6.241104786,-1.125991804,42.91526513,1,-3.56527622,1
5.057905307,-3.126350707,43.33555339,0,3.252272223,1
1.529240511,-6.77585851,38.09204133,1,2.706691954,1
3.383124544,-4.342039419,44.22909302,1,4.534020979,1
3.988695137,-4.108993955,36.78559602,0,5.289718659,1
5.617018382,-2.829263183,37.17719941,0,2.319384606,1
3.062626253,-4.938440339,43.14368817,1,0.571329017,1
3.709450626,-3.758195914,40.73774039,1,-1.419537742,1
3.352823083,-4.685529746,44.01263793,1,2.936688245,1
4.349612907,-3.482705048,38.64327537,1,-0.095471058,1
4.050607914,-4.237783079,40.9768475,1,-2.903904906,1
4.955848199,-3.44076115,36.37669698,1,3.303735168,1
3.412547498,-4.864720168,37.59965347,1,-4.158533601,1
3.818649401,-4.119191826,36.09330044,0,0.941692061,1
2.665098501,-4.823837464,39.27155728,1,1.201105695,1
3.582898998,-4.156697664,36.84872082,1,5.633358189,1
2.949515339,-4.498281494,43.194035,1,-2.171848738,1
1.858250975,-6.006539798,37.02413939,0,6.034960314,1
3.905228283,-4.492616783,41.03845447,0,-0.178418571,1
3.383414902,-3.935013778,37.96618898,1,1.588273337,1
3.5296184,-3.4584856,41.68216759,1,-1.434466388,1
3.280610977,-4.319267328,38.46872263,0,1.227216176,1
4.690772183,-3.211103238,37.41340417,0,6.117246746,1
4.630755051,-3.032040269,41.96933911,0,1.039184789,1
3.721065515,-4.453939957,41.53478163,1,2.754888529,1
3.852056613,-5.015217167,37.37910877,0,-2.119245884,1
4.204379081,-4.420271707,39.70177364,1,-0.024882898,1
3.006822707,-4.744232376,36.00488466,0,0.965663208,1
2.545441531,-5.561602714,37.14247128,1,-2.115571173,1
5.198746883,-2.282943786,43.35033418,0,-8.79877759,1
4.900859417,-3.054526048,40.7673788,0,-1.663149089,1
1.828298096,-6.381643047,43.30450038,0,1.825129859,1
4.070855979,-3.84690086,42.11676412,1,-5.21574412,1
5.473568192,-3.390615686,43.38105118,1,-0.722448777,1
2.550885993,-4.533522877,34.96882901,1,0.462055434,1
4.87057898,-3.687016722,48.06546723,1,8.13105682,1
4.240175933,-3.586835323,39.14617723,1,3.093704736,1
4.323041178,-3.52255645,30.8008985,1,3.539967238,1
4.627573367,-2.783551864,36.86241114,0,5.298567527,1
1.833489992,-6.25414587,41.4201461,0,2.521853952,1
4.057487337,-4.221595238,42.11957226,1,0.44790221,1
5.11580335,-2.342476753,38.34384249,1,-2.577636056,1
4.622950006,-3.569838722,39.64713122,1,-0.576735983,1
5.252493549,-2.8122713,43.60287605,0,-1.194929831,1
2.27767849,-5.285611894,38.37115162,1,-1.350536596,1
2.372371175,-6.187121409,37.85894465,0,1.166121848,1
6.183532683,-2.435941129,44.56718281,1,-0.899999244,1
5.661095674,-2.034051454,39.98709552,0,2.336226743,1
4.071082201,-3.492796058,37.25134923,0,-2.026623584,1
5.102121686,-2.785355708,43.01126976,1,2.483670338,1
3.789026975,-4.401005816,37.83085875,0,-2.185822996,1
2.762727034,-5.504648899,44.05177281,1,0.431680564,1
5.645992592,-2.961550964,34.85452007,0,4.511218949,1
4.308440599,-4.857059693,39.99981794,1,2.98770229,1
3.340198,-4.603668316,39.50280208,1,-2.294713537,1
4.306691851,-4.289014062,44.91487939,1,4.153173931,1
4.082171328,-4.200028167,45.56892069,1,3.612574615,1
2.666720035,-5.138388791,37.25009273,1,-2.337909481,1
4.665365117,-3.368459517,37.18347133,1,3.171277595,1
4.580442147,-3.555187137,36.28295318,1,-3.402648523,1
5.309334192,-2.894739554,38.78236139,0,-1.308041305,1
3.521591538,-4.832711813,43.87298299,1,-2.368607184,1
4.790433364,-2.928982438,47.4687082,1,0.147386723,1
3.940025569,-4.015744017,47.00222482,1,-1.661222158,1
2.736561506,-5.466344678,42.83448134,0,0.2618709,1
3.277640885,-3.831138034,40.8459224,0,-0.570497429,1
3.315484904,-4.151863876,41.1964908,0,-0.304482095,1
3.985865878,-4.286479514,40.80474544,1,0.612153714,1
4.06241145,-4.082347356,45.25572699,0,-0.685486818,1
4.437152688,-4.774432611,42.83260117,1,-4.639079627,1
3.43174248,-4.144564726,33.86458793,1,1.01612908,1
3.024641835,-4.982851058,39.54177263,1,-5.884706469,1
3.852356419,-4.112540701,33.6450098,1,-3.957728933,1
5.276388109,-2.572150004,41.15707875,1,2.003559412,1
2.176141052,-5.851206531,42.67474211,1,-0.553110213,1
3.51348398,-4.094734188,33.66491256,1,-5.564182977,1
2.876398297,-5.498445385,39.96344506,0,-7.562755444,1
2.464101798,-5.600317339,40.75686774,1,2.313311727,1
3.164386256,-4.611533991,41.33864845,1,-0.224231782,1
6.477319923,-1.836286147,36.49882053,1,-2.229411035,1
3.812142264,-4.73163957,44.44160345,0,-0.460876695,1
2.993078014,-5.094810272,35.60930906,1,-4.738913074,1
3.04470912,-5.005762984,39.70277794,1,0.943778795,1
4.157386297,-3.527193258,46.10848595,0,2.903182142,1
3.948246255,-3.727163862,40.52648266,1,-1.250392951,1
4.051273784,-4.322273323,38.8525904,0,-2.398802644,1
3.984205706,-3.495588194,41.43480509,1,-2.668423528,1
5.334553221,-2.715902705,43.69647646,1,-1.307195513,1
3.312031771,-3.352667444,39.33964636,0,-0.585921016,1
4.197365388,-3.995961003,42.4762245,1,-6.043035662,1
3.584232543,-4.417716013,32.72689837,1,2.250476414,1
2.467604001,-5.683987207,38.80411326,0,-3.044294766,1
3.637636964,-3.952989929,37.85466633,0,-1.524267611,1
4.268966768,-3.527325743,38.11963221,0,1.162221346,1
3.684023016,-4.101146905,40.9653672,1,4.829929847,1
4.084514645,-4.207887948,39.87576941,1,3.150036032,1
3.07164992,-4.989748714,35.6002216,1,-1.119956116,1
2.92156851,-5.028608353,38.67307875,1,-2.574086331,1
3.172293189,-3.502981941,45.81717262,1,1.195984645,1
1.472488673,-6.175570276,41.37339391,0,4.373216425,1
3.719268667,-4.786330434,44.24880362,1,5.458584302,1
4.734388687,-3.363728651,38.06200974,1,2.425868999,1
4.686821589,-3.820292853,38.6423335,0,0.304551238,1
4.759350468,-3.353908057,35.81003037,0,1.985421301,1
4.06049082,-3.844565519,42.0962692,1,1.85854307,1
3.701722003,-4.151523799,35.65265037,1,-0.001496215,1
4.841166033,-3.57249626,42.30873142,1,3.258367883,1
3.486299286,-4.020152903,40.04792964,1,-4.510452632,1
3.644294168,-4.407002602,39.47118631,1,3.907663896,1
4.358607284,-3.792168573,41.2772996,1,-1.374202894,1
1.798945547,-6.452348173,41.89728676,0,-3.784072918,1
3.656314684,-4.555175597,37.29715773,1,-1.215595428,1
4.547709318,-4.379116141,38.37690492,1,-1.0516694,1
3.601722869,-4.586392076,39.32647183,0,1.135446134,1
2.430315423,-6.166501967,43.38469323,0,-0.978712504,1
3.323381592,-4.74381628,38.74816243,1,2.846423724,1
3.707957146,-4.469791606,39.10482159,0,2.093448959,1
3.609727475,-3.883805225,37.8619642,1,-0.509700095,1
3.99508638,-3.381965246,41.27524192,0,2.598618425,1
3.232187763,-4.246323318,39.86642284,1,1.524886861,1
4.11510256,-4.326170599,41.20047738,0,3.93159223,1
4.810938858,-3.339813067,36.02037391,1,0.149105823,1
4.364249937,-3.034677999,37.35170734,0,-4.218416662,1
4.765589567,-3.665758195,39.57351123,1,-0.66149383,1
5.589752656,-2.200843304,41.75423393,1,0.827536245,1
4.331128393,-4.418689602,42.86387324,1,-3.845510909,1
5.101853044,-3.457251579,39.25317434,0,-1.376012747,1
4.979061818,-2.819471067,43.36348936,1,1.287016907,1
3.585563145,-4.54049185,38.89959314,1,3.222028139,1
2.177435346,-6.518898951,37.49961758,1,-3.133963902,1
3.351395303,-4.760826037,40.19209328,0,-2.382613011,1
3.520053288,-4.566882888,38.90686989,1,0.514448979,1
3.353306651,-4.036469521,44.61045335,0,3.196653053,1
5.592198854,-2.389418356,37.89408471,0,2.472930403,1
5.131926626,-2.529916878,40.83445949,1,-0.162884048,1
4.510691857,-3.574375426,42.83494182,1,1.454695384,1
4.214338346,-4.327291171,37.97230668,0,-3.757119976,1
4.616997835,-3.759903868,39.89087106,1,-0.947471077,1
4.775613748,-3.606690259,42.46556564,0,2.550954689,1
4.970975205,-3.933738471,40.15528607,1,-0.010035581,1
3.669510572,-3.552782726,42.54782643,0,3.698790427,1
4.416875315,-3.223277448,38.1610814,0,-2.207263917,1
5.739992587,-3.052538365,36.71954276,0,1.689323269,1
4.170111099,-4.566655047,33.8618835,1,-0.053727564,1
2.600382777,-4.693296688,35.89482646,1,0.866203245,1
5.117887034,-3.346855717,35.07540004,0,0.495546383,1
4.406676175,-4.642885005,35.60896076,1,-3.154678735,1
3.95102573,-4.489744152,42.10855014,0,-4.083128056,1
3.73702316,-3.47096097,39.44424247,1,2.49265232,1
2.975465884,-4.524318162,43.57103064,1,-0.58491546,1
2.577166031,-5.29103484,35.09717636,1,-3.804484405,1
5.590453124,-2.771816839,38.83679404,1,-3.538058993,1
3.472637018,-4.746934308,34.48957779,1,4.122072174,1
7.023900442,-1.333902009,39.21157916,0,-0.178684976,1
4.157516442,-4.245909175,34.76894571,1,-6.458940666,1
4.833993558,-3.601730779,40.2250002,1,-4.180406453,1
2.678619127,-4.944917875,42.13490624,0,-3.363687586,1
4.438089548,-3.684406224,36.07558085,0,1.394586261,1
4.677861068,-3.208484001,40.4764107,0,5.410336938,1
4.404563046,-3.633215435,35.0736226,0,-0.684235926,1
2.205484314,-5.619611476,36.33968517,1,3.586185844,1
4.280461106,-3.061188371,35.9353011,1,-2.07290055,1
3.319112351,-4.028458539,41.87186383,0,4.213909863,1
5.430044941,-2.45617208,40.41774056,0,2.634207993,1
3.930877744,-3.941339646,39.28172012,1,2.555953477,1
5.406518212,-2.897655744,41.65383943,1,-1.436473359,1
4.610712879,-2.480645691,41.59231369,1,-4.955968226,1
3.478530287,-4.001420252,42.16761661,1,-0.715104192,1
3.607445308,-4.934028316,41.76813174,1,0.116462284,1
5.010029405,-3.462669725,45.45153885,1,-1.855837585,1
5.684047555,-2.561159205,45.12750089,1,1.330471505,1
5.034594758,-3.000719844,39.27406827,0,-0.02469142,1
4.07147132,-4.289056302,41.1868148,1,3.002687995,1
4.743884932,-3.867713925,41.34047527,1,3.234394202,1
3.913495629,-3.606667098,36.68514067,1,3.688964652,1
3.372047196,-4.649239049,40.38734325,1,3.135166528,1
1.168705053,-6.057981869,37.06295483,0,-1.241243104,1
4.576768373,-3.854874863,42.09705287,0,-4.832482469,1
2.60203085,-5.340227848,34.53890249,0,2.400905543,1
2.658039606,-5.449322591,39.13419277,0,0.797634152,1
4.654332172,-4.022684171,38.27347227,1,-0.701469239,1
3.85395526,-4.570561052,34.09721356,0,-9.161119804,1
3.615739241,-4.252517224,42.34613371,0,-3.175777603,1
3.372784543,-3.983331572,38.11818139,1,1.54686532,1
4.492172308,-3.533760992,39.31617777,1,3.151104061,1
5.78641516,-6.473252271,59.78958842,1,7.759670238,0
6.523340217,-5.561351336,62.60580211,0,-0.554025599,0
4.377750478,-7.97286206,56.40416218,1,0.9096349,0
4.831103896,-7.839019781,59.91376704,1,-4.015817107,0
6.720920418,-5.065789576,65.92821778,1,-3.018466496,0
5.022813613,-6.935039647,57.05130167,0,0.512798745,0
5.046583328,-6.593233204,61.55345225,1,-2.983914233,0
6.333196248,-4.935428235,63.63734885,1,-1.293952204,0
6.725424866,-5.433663068,54.36700444,1,-0.332809604,0
5.903580176,-5.67191192,56.95597573,0,3.078911441,0
4.814884473,-6.72626925,60.5868471,1,4.611150663,0
6.193819015,-6.187038085,63.89310092,1,-5.412406197,0
5.561971477,-6.237620023,60.45365068,1,-0.573438647,0
7.334238088,-4.228516225,61.01519897,1,-3.00109258,0
4.912269975,-7.926318614,60.17909173,1,0.056010246,0
5.007930211,-6.920361824,61.52896107,1,-7.14067846,0
6.359322466,-6.332852147,60.41168292,1,-0.973010208,0
6.100868078,-6.119110311,55.61132281,1,-2.798621807,0
4.793021506,-7.101017745,61.67722045,0,0.58306495,0
7.084661857,-5.207782537,66.24532413,1,-0.10464795,0
6.824941076,-4.940166189,56.05032286,1,3.568221699,0
6.814837264,-5.48117573,60.21078677,1,2.950725084,0
3.491784686,-8.443274188,62.44605403,0,-0.669510658,0
6.246860905,-5.801439211,58.03124879,1,-7.28314971,0
4.986476241,-6.593958059,60.91797789,1,2.631133936,0
6.467858099,-6.041313985,64.09843191,0,-4.413359812,0
6.903513383,-4.492249799,59.595531,1,-1.509686664,0
6.867693118,-5.428979557,58.32224744,1,0.621107902,0
7.074534733,-4.789488599,65.84862594,1,0.255791037,0
5.239424739,-6.85212656,61.37780882,0,6.368140948,0
5.6575172,-6.225327879,62.92961165,1,1.76749935,0
7.042533461,-6.253404414,62.42118655,1,-0.407524358,0
6.240938588,-5.496974179,56.67560128,0,-2.160776348,0
6.953804197,-5.563581178,57.99014787,1,0.157981298,0
5.560170386,-6.628747001,62.01639413,0,0.168897652,0
7.029186302,-5.419851591,61.76352334,0,-4.510399947,0
5.251427312,-7.217807626,59.73275695,1,-0.417013762,0
5.193182236,-6.747565032,63.13615467,1,3.030792576,0
6.883788609,-4.423074965,62.03683715,1,-1.413716245,0
4.605220323,-7.487257439,60.06421006,1,-2.051578071,0
6.165799044,-5.333847587,63.18032086,0,-1.292477319,0
5.954255051,-5.675355296,57.30477275,0,0.036559589,0
6.294635968,-5.706581954,60.39148559,1,-6.011689415,0
7.569854197,-4.728920134,59.56557996,0,-0.711664777,0
6.916988301,-4.727535328,51.54542054,1,1.748652192,0
3.926706573,-7.571226769,59.15703832,1,-0.083729924,0
5.375532079,-6.675587049,63.19622336,0,0.739447611,0
4.814364372,-7.105119269,62.10465375,1,-6.427241959,0
3.939377559,-7.757306754,58.16514912,1,1.463622757,0
7.664475882,-4.347599591,55.73095554,1,-6.963314893,0
4.914756232,-6.279191514,56.48689107,0,-2.848087438,0
6.169341752,-5.222647529,59.97913034,1,2.802873986,0
6.510753899,-4.941074368,60.50219976,0,1.882283639,0
6.793534696,-4.28375714,59.64786762,1,-2.50946804,0
3.989811124,-7.307198392,64.58269689,1,2.581602786,0
6.364328195,-5.746472189,60.94698925,0,-1.474596815,0
6.751827577,-5.13084462,63.27472491,0,-2.481017711,0
5.437597809,-5.882197905,58.31908609,1,1.486707131,0
7.610592369,-4.227964361,63.19540645,0,-1.151178708,0
6.910980144,-4.299067864,61.25892578,1,-3.185277675,0
6.872258843,-4.540595989,58.43383233,1,-6.685590652,0
5.371860329,-6.228045142,62.72872148,0,-0.791686042,0
5.172089531,-6.51958442,62.99301465,1,-2.598926535,0
6.499612717,-5.37078117,57.29734166,0,-4.480319817,0
5.606459603,-6.934383338,58.06212275,1,-2.892190864,0
6.721853675,-4.707643289,54.58623469,0,-2.386490328,0
5.582317379,-6.280473101,58.30786346,1,4.287349316,0
6.554537842,-5.763387686,58.52933407,0,-6.481940777,0
6.639974347,-6.182885096,55.32984083,1,-2.933352063,0
5.874487999,-6.329639045,53.64982923,0,-7.892095136,0
5.719344413,-5.846185376,58.98331387,0,-2.420221236,0
6.281820622,-6.234369175,62.74020179,0,-4.093253763,0
6.252917583,-5.804968689,59.51340681,1,-2.364421438,0
6.641461219,-5.845128097,61.74490071,1,-0.606280179,0
8.374481863,-3.897565359,59.90443793,1,-1.976241719,0
5.868317766,-6.847603327,62.49611814,1,5.082396177,0
6.448600677,-5.578090291,60.5528414,1,1.65851533,0
5.853123754,-6.576009229,59.54842615,1,0.527398299,0
7.298914135,-4.254102056,59.85063794,0,3.089313767,0
5.243455832,-6.90947592,61.24065873,0,-1.817879224,0
5.274325045,-7.005359412,55.1163334,1,5.262142542,0
4.793354166,-6.58694116,60.58510819,1,3.392679417,0
5.566236908,-6.330738848,64.1380239,1,-4.889170823,0
5.561653598,-5.965670436,59.19016531,0,-0.882469865,0
5.324798089,-6.532465002,54.12445222,1,1.95852787,0
5.616800366,-6.153720827,59.33631798,1,-1.513281901,0
6.667132333,-4.851067225,60.26873047,0,-2.091199824,0
5.030968742,-6.379775804,58.22663923,0,0.038622645,0
5.144592335,-6.627385946,59.93444776,1,-0.031100767,0
6.085718687,-5.683323134,54.84656292,0,-2.821883711,0
6.160899664,-6.247762726,60.3521104,1,2.797337293,0
6.799109763,-5.110427674,60.45762385,1,1.24481954,0
7.63207737,-4.968705411,55.20343775,0,-0.381824981,0
5.53441343,-6.446431432,59.932062,1,-0.678181756,0
7.2122065,-5.040049191,64.50798832,1,-4.839784015,0
7.737074467,-4.820602927,61.11807496,0,4.464581927,0
5.337684362,-7.042016018,62.64657232,0,-0.270752845,0
4.778349727,-7.436082111,60.51965438,1,3.601234496,0
7.572687561,-4.605101928,56.42782287,1,0.01298682,0
5.273090164,-6.706934865,60.20511284,0,-3.744861592,0
5.77296155,-6.694542871,63.90364074,1,-1.010209744,0
6.037089168,-6.363958022,62.22693298,1,-2.25726705,0
6.696497909,-5.635923903,60.23684766,1,1.194606396,0
6.758367688,-5.312038597,61.54933844,0,0.806051756,0
6.792816832,-5.624756233,64.4736697,1,-0.524026976,0
6.183547764,-5.820229828,59.7267154,1,-4.08994727,0
6.734291822,-4.969978106,58.59593499,0,-0.460040781,0
5.985947536,-6.390336041,60.07893132,1,-4.626206637,0
4.886142923,-7.282962703,60.3871839,0,-4.96668777,0
4.135075174,-7.288001354,57.86109649,1,-1.581703785,0
6.807364192,-4.842859513,62.52826326,1,-1.437043673,0
7.368601228,-5.071179906,58.57521322,0,0.568960009,0
7.20538004,-5.072732071,59.59586053,0,-0.805325054,0
6.964262085,-5.288782065,58.11065342,0,-3.258743973,0
6.854256601,-4.736617062,60.72830754,1,-1.421846923,0
8.88512433,-3.412386116,63.24766214,1,-2.535576892,0
5.681359476,-6.451273372,63.41193134,1,-3.295034738,0
6.026076987,-6.466503438,53.48574113,1,2.170522417,0
7.662843629,-4.48684824,59.91342361,0,-4.159728686,0
5.944597056,-6.1269407,60.78802105,0,-0.284661044,0
6.389821637,-5.815141184,62.64763,1,3.562191328,0
5.49051442,-6.934018255,53.90346881,1,1.636652169,0
6.817681608,-5.395044947,60.881655,0,-1.839381506,0
5.066559275,-6.682301386,60.05261421,1,0.392347901,0
6.327198598,-5.076661745,66.20376515,1,2.131032648,0
7.766563024,-5.127148228,60.61067117,1,-3.718365437,0
6.833834643,-5.91070319,57.97976156,0,-1.3904896,0
6.123521996,-5.729158046,58.88009609,1,0.627613211,0
5.526402919,-7.267748953,59.7710893,1,-0.748671703,0
5.098432489,-7.105987312,57.97170672,0,-3.831652201,0
7.044396186,-5.846844932,61.58402135,1,-1.919093991,0
5.889117593,-6.422141196,58.43247971,1,-1.933843244,0
5.309160671,-6.490439291,57.48537556,1,2.192333484,0
7.138401107,-5.118127846,59.78019227,0,-1.029118379,0
6.571800432,-5.127581428,55.54263003,1,2.226741053,0
5.413486166,-5.857563154,67.59009824,1,2.136240579,0
6.808036004,-5.564534903,59.8722068,1,1.393102015,0
6.709841746,-5.590584336,57.72802278,1,-1.052410604,0
5.320813907,-7.141465807,56.00917634,1,-1.393615746,0
5.670592721,-6.195646198,56.9203735,1,2.274931893,0
5.421416743,-7.628403195,58.46208181,1,2.314053378,0
4.983500566,-6.312745048,59.59521146,0,1.454497838,0
5.623761552,-6.407949146,56.71259398,1,0.958107008,0
4.778758851,-6.590332959,64.95320819,0,2.549379187,0
5.871643379,-6.341304251,62.71193898,0,2.032276969,0
4.04311663,-7.930818078,53.16996986,1,0.165189156,0
6.511205477,-5.653869116,62.57866907,1,2.212643399,0
5.231175613,-6.336299723,58.66032697,0,2.205116512,0
3.658626013,-8.489639038,58.05801982,0,-1.265352501,0
5.417310905,-6.833896448,61.46929043,1,-2.074091202,0
6.382347421,-5.61557876,63.66718633,0,-5.416900714,0
4.676653291,-7.324081165,59.85441442,0,4.853117595,0
3.502235037,-8.192273578,62.62372221,1,0.311307334,0
5.541981873,-5.948646027,52.87082993,0,-1.450076177,0
7.368229716,-4.809277571,62.76872613,1,4.745015147,0
4.87321318,-6.541765973,61.76816157,1,-5.2478887,0
6.245978842,-6.936946825,60.63774581,1,0.818734526,0
6.712771466,-5.283661286,59.57798249,1,-0.347927641,0
6.452080846,-5.949106339,55.5532514,0,-0.47698442,0
6.829335521,-4.67286349,58.51749641,1,-0.43951243,0
4.422823919,-7.408901892,62.96511079,1,-0.624820588,0
5.759575619,-5.287800658,62.57552201,1,2.915260809,0
7.014221762,-4.010960192,53.62612704,1,-2.383477089,0
6.020210607,-5.247702856,60.35850222,1,-1.880826012,0
6.606337411,-5.004965037,62.69877765,1,4.841123707,0
5.211720699,-6.399290906,55.94916595,0,-3.569422449,0
6.241872759,-6.552551653,65.49957008,1,4.350522706,0
7.230470665,-5.084724897,59.29238017,1,2.694046111,0
6.41706933,-4.785885658,57.77261095,0,1.922780171,0
5.125129724,-6.681104179,60.98948534,1,1.92305922,0
4.663566896,-7.088614105,55.83664585,1,-1.30017931,0
6.373471632,-5.809032452,55.59983565,1,1.410831849,0
4.295046384,-7.068359918,53.15353054,0,-1.764675326,0
5.515148613,-6.755667754,59.41013398,1,5.313998079,0
6.473659112,-6.400633227,66.35967668,1,-4.946091936,0
7.475220277,-4.544946563,62.85315739,0,2.796962956,0
5.255593854,-6.619482162,54.79984956,1,-0.810165683,0
6.871985673,-5.421205845,59.91057356,0,-0.434009429,0
5.081018251,-7.197844384,61.80928387,0,-2.688062585,0
5.983531564,-5.58070367,60.82124072,1,0.657862257,0
6.493663649,-5.37581615,62.49181771,1,-6.818519975,0
5.612959604,-6.650186356,58.59578567,1,-0.891750486,0
5.209986157,-6.880468749,58.02062977,1,2.824349294,0
7.69641376,-3.650446483,58.44042699,1,-2.480949909,0
7.327362311,-5.12142046,64.00659472,1,1.928112145,0
6.589270699,-5.348401699,63.77863173,1,0.76879142,0
6.482736393,-5.268372138,59.58080265,0,2.167195324,0
4.970355927,-6.694567417,62.51250989,1,4.42949812,0
5.335108442,-6.722084554,63.76220494,0,-1.215557648,0
7.350806231,-5.10466083,62.24512523,0,4.137785556,0
5.360193406,-6.080780967,61.59705027,0,1.019625093,0
6.382792172,-4.743760784,58.26296992,0,2.830059735,0
4.348132511,-8.578914535,60.30355985,0,-0.717748739,0
5.003268359,-6.804797269,57.90912464,0,-1.380446796,0
5.56732964,-6.312101461,55.71508796,0,-3.387858173,0
5.683847418,-5.995814149,62.75750422,1,-3.387857664,0
4.936411296,-6.965513609,55.08149281,1,-0.331748128,0
5.776486311,-6.510918063,54.37250162,1,1.226326212,0
6.556338508,-5.415945145,59.18600325,1,2.169843036,0
6.983870217,-4.821810088,59.10076381,1,4.793623078,0
5.843956907,-5.924738893,59.53610562,0,-3.917284546,0
6.607080382,-6.004588338,65.61548759,1,-2.921339627,0
5.812905789,-5.629138908,60.6095391,1,2.772410466,0
7.628697607,-4.683192859,58.40170739,1,-1.987910277,0
5.789656789,-6.387138915,56.17344022,0,3.722496229,0
5.33206981,-6.657070112,59.9533097,0,-0.264886575,0
5.154838988,-6.435327227,62.66682532,1,-1.353313566,0
5.315831708,-7.410874094,52.71168956,1,-1.483574931,0
6.303387798,-5.793302813,61.14802042,1,0.079897226,0
5.678268798,-5.774192322,59.68784098,0,-1.478257605,0
5.370944195,-6.566346551,62.76847315,0,0.823145906,0
4.327742475,-7.489269911,59.14871311,1,1.657910437,0
5.94844455,-6.073528879,58.62071849,1,0.516715537,0
7.532079626,-5.217293707,56.63291554,0,-3.762885919,0
5.409242975,-6.436298487,59.75448084,0,-3.207627859,0
5.683384939,-6.380052627,62.38875342,1,-0.878709114,0
5.549321488,-6.247515195,58.30879841,1,1.793028531,0
5.815661857,-5.873097364,60.11620132,0,-0.904531464,0
6.617278886,-6.166042815,62.03960391,1,-1.732874114,0
3.94109011,-8.223556034,60.98697293,0,0.309665411,0
6.065924489,-5.306433335,54.90907465,0,3.526202628,0
7.344704346,-4.723283007,59.23501771,1,-2.533230156,0
7.043714269,-5.088321825,59.6947091,1,1.600517928,0
7.734240807,-3.757326762,55.58445185,1,-0.834376207,0
5.515439155,-5.236111934,56.14155086,0,2.750043577,0
5.206984052,-6.436887614,64.05973913,1,-0.21906394,0
7.094535098,-4.688437494,60.74320535,1,2.510686956,0
5.962085454,-5.617625304,64.92682417,1,-2.295527112,0
7.294679376,-5.507432702,60.11564975,0,-4.344096415,0
5.646321108,-6.346018285,56.66347077,1,-4.469557525,0
9.215862592,-2.842050134,60.09178583,0,2.951482045,0
4.563719368,-7.319318966,59.5659294,1,3.950258688,0
6.351189875,-6.392750562,56.86039876,1,0.948049867,0
6.137729421,-6.412342372,54.25930723,0,1.93036037,0
6.846905242,-5.898880099,59.0547552,1,2.998933171,0
4.870534159,-7.15906952,61.89684722,0,-7.65588505,0
4.907021621,-6.958117102,61.38997438,1,0.663723325,0
6.631483612,-5.435631165,58.90623885,1,1.082831958,0
6.675754304,-5.384587666,64.17681448,1,1.627388171,0
5.755920866,-5.966735885,61.18721686,1,-0.848449185,0
6.60630337,-5.449332202,64.09179664,1,0.003964041,0
6.013371607,-5.925877278,59.09487021,1,1.144328652,0
6.544469666,-5.08365408,63.7850624,1,-1.278627382,0
4.753313384,-7.523785216,61.14450732,1,1.87587337,0
5.76204423,-6.671882611,55.37068591,1,0.949598032,0
5.15587716,-5.887157756,57.37594852,0,1.18574382,0
3.891402471,-7.691871598,55.93004933,1,0.663611195,0
4.624113843,-7.480898301,61.29160233,1,1.678029558,0
7.221941994,-4.809462395,58.75714148,1,-0.404825581,0
6.661542609,-5.662725026,64.87203982,1,3.22320188,0
5.753070232,-5.697537805,62.33436723,0,-0.249050219,0
6.93430483,-4.923976949,57.32578774,1,-0.281807083,0
5.202897075,-6.991486854,54.55716827,0,1.814175144,0
5.554207551,-6.25976974,59.65156542,1,-0.856762384,0
6.266298544,-6.101413303,58.02193768,1,-7.825452088,0
3.885984598,-7.52868347,58.23444823,0,-1.169816145,0
5.368642975,-6.164971983,62.72428873,1,-3.486490016,0
6.372862356,-4.844038781,53.11327529,0,2.76143481,0
5.743628939,-6.136273466,65.07547767,1,-1.127095761,0
3.64514438,-7.388553869,59.69703895,0,-0.262849995,0
6.041726403,-5.314656002,63.06578097,1,-2.606870899,0
8.606980438,-3.986671071,56.19577602,0,7.47326412,0
5.469330595,-6.380016807,62.94283189,0,6.124070158,0
6.692169776,-5.648183135,57.80651403,0,-1.938362924,0
6.877068807,-5.275888459,56.59821358,1,4.056675819,0
7.415615131,-3.862982662,57.35752345,1,1.863341251,0
6.485873844,-5.246460843,61.57831508,1,1.295483973,0
6.548088811,-5.793559103,60.97984588,1,-2.45891786,0
5.598805811,-6.294869592,51.8313498,0,7.976044821,0
5.424402779,-6.840450057,58.32815168,0,1.538579479,0
5.652662718,-5.98198747,56.40830375,0,-0.045587658,0
5.303803594,-6.976454159,59.48271543,1,-1.041921795,0
3.885171248,-7.710276032,57.32268673,1,-0.84803496,0
6.971332199,-5.317226595,55.5287409,0,-1.565240086,0
5.27001808,-6.769525656,58.29840449,0,1.462869029,0
4.997806105,-7.144739715,60.30349645,1,-0.471910924,0
7.508484105,-4.821997808,59.60238583,0,1.981162322,0
5.414669076,-6.247926894,60.58754826,0,-1.230119653,0
5.33804762,-7.331266038,60.01734009,0,-2.076224829,0
4.966568807,-7.6193468,63.73635092,1,-0.35607714,0
5.011708894,-7.425804845,56.22185558,0,-4.948015846,0
5.77414866,-6.100527872,59.05649382,1,0.037005259,0
4.672469949,-7.252410313,62.30257379,0,-4.936357995,0
6.550368468,-5.42303215,62.27424635,0,3.920132813,0
7.672500569,-4.474108315,59.96869687,0,-2.605371655,0
6.09124493,-5.334499937,58.60481837,0,8.638382366,0
6.095850416,-6.424601377,66.54651677,1,-1.763544532,0
5.121582532,-8.024706813,61.34997523,1,-2.079828705,0
4.924239626,-6.790111806,62.16841647,0,-2.465992239,0
7.78521133,-4.993571676,66.82597589,1,1.830290333,0
7.624997567,-5.211985203,61.08114793,0,5.297227648,0
6.108010486,-5.66403661,57.35092963,1,-2.184141312,0
6.628491369,-6.045161328,61.12882295,1,6.367103069,0
4.576510718,-7.586121975,59.8419736,0,7.485613793,0
5.698193736,-6.602140644,62.06424295,0,0.075291105,0
6.589463771,-5.124926688,59.46499794,1,5.221116776,0
7.078646754,-5.376548105,64.67141408,0,2.979261388,0
7.107619108,-4.877280335,62.94078711,1,-4.103984044,0
7.333798128,-4.393887696,58.97448606,0,2.671826458,0
5.242743884,-6.765287009,62.42632496,1,-1.558271229,0
6.956812795,-8.897586045,81.05939521,1,-2.004379547,0
8.515556452,-7.988820207,79.66718803,0,2.163581463,0
5.475874708,-9.484750697,83.43934198,1,5.478091377,0
8.171808967,-7.532246646,81.87375373,1,-4.49459893,0
8.841862507,-7.400942889,81.95154553,1,3.678464427,0
7.082733219,-9.422157626,82.50783757,1,0.98036281,0
9.392090602,-6.866830654,83.72338584,1,-5.629966271,0
6.668401666,-10.00204929,86.04178808,0,5.162507205,0
5.115331497,-10.70436089,83.2043004,1,0.800993539,0
9.670327997,-7.117229329,76.80382952,1,1.40371475,0
8.334600399,-7.198979732,81.90547575,1,-1.037797168,0
7.270632447,-8.380912668,76.34490101,1,2.646413855,0
7.28275609,-8.299587337,75.68065304,1,0.950674948,0
7.338472749,-8.268018752,84.82478214,1,-2.789215194,0
8.24074548,-8.412535813,80.60778106,0,-0.097512815,0
7.979715949,-7.975439212,78.38040107,0,0.071785223,0
8.057030966,-8.031128964,79.45701345,0,-4.553441869,0
7.374869483,-9.118643965,76.94167768,1,1.824711981,0
9.52733722,-6.594862229,75.84183785,0,-4.438732786,0
8.289119866,-7.606384917,79.45509335,1,5.5927799,0
7.71503636,-9.076415089,83.08151679,0,-3.10266822,0
6.544435155,-8.681840185,74.41620857,1,3.004966945,0
8.211112405,-8.088901043,75.639702,0,1.330844699,0
6.796650851,-9.365079616,77.68791237,1,-4.530787585,0
8.836178555,-6.884677011,81.70963885,0,0.107636421,0
8.408739838,-7.388657583,74.86191107,1,1.156202136,0
8.248277123,-6.950371229,80.21156225,0,1.981013442,0
8.949527503,-7.168133578,79.01382774,0,-2.398307562,0
8.641716738,-7.874918531,80.00056555,1,-3.704259584,0
8.734350178,-7.140926359,85.04920832,1,-2.081335951,0
8.115004724,-7.955444525,83.14497117,0,-2.906519402,0
9.316315915,-6.841112057,82.38085425,0,0.579787648,0
6.848673982,-10.12411327,82.71248071,1,-1.936153125,0
8.142407348,-7.013125982,80.51404856,1,-1.170747764,0
7.377653903,-9.181753705,81.54903026,1,-0.035731981,0
8.355736642,-7.879895558,84.34740056,1,2.606439442,0
6.364015126,-9.740614234,76.17424018,0,2.374819527,0
8.26138291,-7.455566131,79.05051326,0,1.750839013,0
8.107443858,-8.178830015,77.48538702,1,1.416014647,0
9.163534038,-6.892913085,77.13512071,1,-3.861141088,0
7.347083079,-9.205693193,80.57682834,0,-8.264610759,0
7.811632206,-8.535028423,84.49230219,1,-0.64411935,0
7.020177721,-8.624637373,81.22517909,0,1.590504692,0
7.470907713,-8.468494138,77.12770954,1,3.179120814,0
8.341292756,-8.009114198,82.93836569,1,-3.511644673,0
7.444495916,-8.774421264,80.13012774,1,0.865446409,0
6.839348409,-8.403726249,83.72577005,1,-3.985919331,0
7.483308117,-8.170980972,79.90078779,1,-3.15641219,0
7.646928706,-8.383665347,80.63166877,0,5.201703117,0
7.483145314,-8.293042283,86.76458398,0,1.80841486,0
8.280705348,-7.847077809,75.47065189,1,-4.703609849,0
7.446318295,-8.08969434,77.95342579,0,2.045708135,0
7.952074085,-7.895030524,79.94661998,1,-7.504570365,0
8.974913868,-6.642769105,81.19470249,1,1.93335469,0
5.665384331,-10.56386881,82.91434849,1,-0.031981128,0
6.801372752,-9.188674771,76.76532875,1,0.073265209,0
9.040890715,-7.292271181,82.86162667,1,-0.070496661,0
8.764755403,-6.934740327,83.00933862,1,-1.721053153,0
9.769002502,-6.513019122,78.32755912,0,-3.953414047,0
5.940799658,-9.757632443,80.19003827,0,1.476356586,0
7.973577066,-8.562475708,82.55913068,1,-2.783091019,0
8.173295205,-6.737042929,81.24867821,1,6.516453869,0
7.324647552,-8.506782114,75.23230247,0,-2.410410937,0
9.347875174,-5.622988221,77.94062759,1,-3.762065012,0
8.327793935,-8.033525126,86.07847866,1,1.236171589,0
7.482706049,-7.767736263,79.32120309,1,0.180302402,0
7.954647585,-8.18005264,83.0550546,1,-1.3043017,0
7.399561761,-8.715313615,78.66113023,1,-2.040539061,0
7.872981284,-8.325261045,83.1018335,0,2.336057641,0
6.719420897,-9.412607252,77.31270526,0,2.943567268,0
9.648999843,-6.130407969,80.51833301,1,0.434900209,0
7.105477657,-9.002017387,78.56014097,1,-1.327254483,0
8.071577878,-8.223784128,81.02443043,0,2.931240503,0
5.700395528,-9.735444998,78.9567944,0,-1.200754153,0
9.36319889,-6.510813843,78.56556626,0,-1.577968949,0
7.853037067,-8.051059336,80.81414642,0,0.33129214,0
7.483825782,-7.643368608,84.03241864,0,2.774804387,0
8.442618166,-7.622292565,84.26946797,1,4.72533344,0
6.54926907,-8.775992266,82.02914131,0,-1.935034229,0
7.990996221,-7.659180059,80.22311669,0,1.03282315,0
7.849105921,-8.130523021,84.73244487,1,-1.065367705,0
8.098348434,-7.456255725,82.85803546,0,3.377762535,0
8.422480265,-7.46558439,80.07801574,0,0.576969637,0
8.599406796,-6.928687812,79.61690805,1,-4.52163085,0
8.488692345,-7.149319729,81.9103075,0,-1.94548075,0
7.901235659,-7.951064239,82.08435971,1,0.401974932,0
8.691329154,-6.960470719,80.33060971,1,4.801590173,0
6.819508684,-9.398058919,76.35929431,0,1.052961259,0
8.951895198,-7.061561366,78.14775245,1,-1.039598837,0
7.741473513,-8.28421355,83.3914805,0,3.674594573,0
6.795191004,-8.959327518,83.42163286,1,3.087004875,0
6.973133349,-9.002852981,83.53183125,1,-0.799776416,0
8.460026905,-8.122418998,77.95098572,1,1.989245311,0
6.308967001,-9.703672672,75.11066987,0,1.96092373,0
8.323801249,-7.331602166,82.60680086,1,-4.003740297,0
8.965769355,-6.676331439,81.23339522,1,-1.200899879,0
7.94970193,-8.836559006,80.11560909,1,-0.13030975,0
7.109738116,-8.716051883,77.87535109,0,-1.649533154,0
10.39055066,-5.927689839,81.28771118,0,4.311619615,0
8.4780741,-7.724573304,78.64769664,0,0.666753714,0
9.400624481,-6.781876589,83.68374124,0,-1.121318255,0
9.325845899,-6.991962882,81.77305061,0,-3.212636118,0
8.223710037,-7.655657484,77.65340889,1,0.422460664,0
8.616649349,-6.858666335,79.07550138,1,5.415070654,0
6.708900357,-9.427449122,80.43014615,0,-3.072912557,0
6.215316349,-9.143711326,75.99504291,1,-1.570655924,0
9.695270735,-6.268737246,78.66901525,1,1.033265723,0
7.616135383,-8.608505928,84.07252206,1,1.642141352,0
7.379814359,-7.428539594,80.12627766,0,-3.431057493,0
7.707299296,-9.190907592,77.31345506,1,3.270047914,0
5.909674738,-9.53146391,82.30513241,1,4.462292551,0
8.141001202,-8.349058374,77.70244162,0,-4.486232191,0
6.554475843,-8.633528451,81.73568313,1,-3.269528559,0
8.056871302,-8.386874545,80.44834531,0,3.426168063,0
7.977366051,-8.631005808,76.38550061,0,-3.662647575,0
7.940215093,-8.054563884,81.35944957,1,-0.81929611,0
7.976702666,-8.290876107,78.16528802,1,-2.053328814,0
8.157638419,-7.656273461,78.89778974,0,3.327136933,0
7.834424855,-8.218367337,79.91257529,1,-0.367956765,0
9.798799377,-6.692436896,76.06929107,0,-2.736951966,0
8.022438943,-8.069896394,83.45855704,1,-0.750031128,0
7.627088333,-8.181064286,76.3273864,1,4.820406404,0
7.608345018,-7.758551171,80.1402522,1,3.6724561,0
7.307670469,-9.135007857,75.0529801,1,-2.735426146,0
7.640604426,-7.557760588,79.99340182,1,-2.781799814,0
8.507422224,-7.345764886,82.93501096,1,-3.022019559,0
7.602923318,-8.921570781,83.22459344,0,-3.896702834,0
8.992003881,-6.844669819,80.9997628,1,-2.29731454,0
7.201437508,-8.980457386,80.28617369,1,4.487391993,0
8.158870011,-8.100028518,80.12821565,0,-4.282479796,0
8.15877396,-8.24246154,78.56740919,0,-1.659632497,0
7.810407986,-8.620919374,82.03892616,0,-6.132184453,0
8.794495188,-7.687273196,85.23873961,0,-5.873641622,0
8.217034951,-8.55024471,80.79544062,0,-1.14196273,0
8.102603451,-7.606673012,81.94842974,1,-0.05352625,0
7.297393745,-8.00646407,78.33209128,1,-1.526316,0
7.209452973,-9.091464241,80.03502304,1,0.614325669,0
8.465253096,-7.552663358,77.77921935,1,4.123809678,0
6.862064791,-8.682100861,75.28547063,1,-0.073184512,0
7.077196622,-9.151811863,79.41492677,0,0.532519608,0
8.357313525,-7.870877456,84.97849972,0,2.814266121,0
7.602926449,-7.435245372,81.30398009,1,2.453214235,0
6.548695459,-8.933140692,79.86542307,1,4.08093486,0
10.01065139,-6.245989022,81.78654678,0,-0.106514694,0
9.012190011,-7.091458041,79.07065316,1,-1.427718271,0
8.637958305,-8.050506253,77.76273167,0,5.1762494,0
8.211982761,-7.857072109,82.26907275,1,0.432181562,0
9.301251799,-5.872474769,79.511448,1,-0.295726088,0
9.18976282,-6.150192861,82.29521847,1,-3.220170469,0
5.745860378,-9.638633436,84.23572673,1,-3.458907856,0
9.861093731,-6.431350371,80.50728623,1,-5.055486993,0
8.199737599,-8.591277879,77.26305336,0,0.692962969,0
5.626923829,-9.580022402,82.22096546,1,-0.577942668,0
7.851709855,-8.943592856,77.316045,0,-1.595662276,0
8.33137255,-8.170138276,82.3216811,1,-1.746544319,0
8.05534793,-7.795567174,79.0937076,0,3.088210681,0
9.702939825,-6.640310969,79.39028262,1,-3.636106623,0
8.27280707,-7.676070727,79.67728462,0,0.775374895,0
9.147297016,-7.08470536,83.40413601,1,-2.973651879,0
8.031051956,-8.147946705,79.26616148,0,-2.269715069,0
8.061934993,-7.597070772,77.17851278,1,4.695634441,0
7.495443843,-9.270644908,82.08032405,0,1.930793538,0
8.511386615,-6.925045327,77.31425393,1,-0.978378114,0
7.827668492,-7.960303457,77.81124986,1,3.856121906,0
7.496481129,-7.81825745,76.33689301,1,7.632888164,0
9.35513665,-7.316064732,74.91598605,0,-4.442681127,0
9.453824283,-6.83240946,77.72545597,0,-3.80353005,0
6.621267739,-8.815593157,76.04253227,0,-1.314429386,0
6.765097415,-9.424857928,84.77700045,1,1.358407549,0
9.831786736,-6.655869892,80.31636468,1,3.641804841,0
8.757719294,-8.001910249,80.58130777,1,-3.703945034,0
8.117129483,-7.922379131,71.4314444,0,-1.971794219,0
7.496700163,-8.751493879,78.43503397,1,3.255419899,0
7.281800004,-8.912370263,82.08192375,0,-0.665215855,0
6.917105474,-9.19768822,81.89428587,1,-0.147958481,0
7.192015095,-8.803083937,78.90879665,0,-2.471850954,0
7.39455953,-7.525769616,80.52258514,1,-3.221328316,0
7.930418195,-7.889840922,78.10522341,0,2.678695507,0
6.890160749,-8.183910209,83.78868728,0,1.180526638,0
8.790485322,-7.349005636,81.03222548,1,1.90726459,0
9.31838183,-7.163780767,83.74164691,1,2.32585611,0
9.907156294,-5.894293125,80.93166093,1,-0.238887465,0
7.29275123,-8.888641749,80.90737721,0,3.13155293,0
7.277289566,-8.583130318,78.16029295,0,-2.10939907,0
9.069732752,-7.331864319,79.94227886,0,0.997127483,0
6.224940457,-9.602384624,80.33553868,1,-2.95618939,0
7.084249,-9.189307906,74.52338233,1,3.652581369,0
8.224477013,-7.877185779,78.77816488,1,-0.528197442,0
7.784758314,-7.868445506,82.45730879,1,-4.525269271,0
7.653823013,-7.974880236,77.152693,0,4.596600745,0
5.521768945,-10.31586819,81.50785137,0,3.140933344,0
8.075731462,-8.415050272,83.20615093,1,-4.227189941,0
9.470968374,-6.149574315,74.99315621,1,3.963171199,0
8.596151555,-7.31503728,80.46658663,0,-2.368358283,0
8.963474635,-7.197518474,77.8000579,0,-0.646952062,0
7.831360761,-8.197842663,78.67859024,1,1.150187714,0
8.046450965,-8.02531817,79.84827383,0,0.070320083,0
8.472849841,-7.870129792,79.02410502,0,-0.837235098,0
8.625541059,-7.511486967,77.7814049,0,0.483542273,0
9.195883674,-6.749239168,83.53054806,1,-0.457590041,0
7.766353394,-8.39655576,83.93393812,1,-4.265686254,0
9.060657263,-7.271213033,81.69891369,1,2.524394025,0
8.335364019,-8.108349452,78.85518285,1,-2.012936651,0
9.429113539,-6.600128819,81.92757493,1,-1.173391447,0
8.730175728,-7.549550275,81.18791838,1,0.711004411,0
7.693498133,-8.433328669,73.66351038,0,-0.544338694,0
8.253655428,-7.130369747,75.63489975,1,-2.826605022,0
10.34737284,-5.131079428,79.71475711,0,-2.064560142,0
8.4773283,-7.616830267,82.7284439,1,0.283461319,0
7.784302149,-8.293421746,77.85832049,1,2.809322525,0
8.750860789,-6.805376505,78.87690021,1,0.607629289,0
6.084276732,-9.959715509,82.5952552,0,3.966198638,0
6.564579446,-9.232661718,84.23125905,0,1.143045966,0
8.407311227,-7.745682485,79.01389934,1,0.781513303,0
8.303439478,-8.295384564,82.79394843,0,-3.623245066,0
7.207843392,-8.240502052,76.75785618,1,-2.950015833,0
5.810954304,-9.485585491,80.94466124,1,-1.88659828,0
7.658641394,-9.198907456,74.44796937,0,-0.256872033,0
8.507690097,-7.134764828,81.03581881,1,3.433252196,0
9.157332741,-6.87431029,81.77511872,0,3.490671924,0
7.239449186,-9.599898015,79.42767416,0,1.869511389,0
9.060900714,-6.798448391,76.98020643,0,-1.760530696,0
10.56119064,-5.887218434,82.21666817,1,1.415175386,0
7.452913772,-7.951215776,81.62377711,1,0.224390427,0
7.687192502,-8.440691977,77.62384512,1,2.993128481,0
7.770072594,-8.416515564,78.28747361,1,-0.284377629,0
7.190211689,-8.67635885,80.53670946,1,-0.647304098,0
8.121844201,-7.000563881,85.28366658,0,-3.644710879,0
8.443885365,-7.831590989,80.0403854,1,-4.315362842,0
7.974880004,-8.204724645,83.44665416,0,1.617428061,0
5.402544874,-10.60789126,81.29563899,0,-0.459897982,0
7.765203264,-8.313631631,81.67118357,1,0.150939783,0
6.765690261,-10.06666923,79.47916156,0,2.204883757,0
9.584083677,-6.370869363,79.46506297,1,-3.755941743,0
9.593866241,-6.417250141,79.54433886,0,0.168030924,0
7.066544945,-8.859025246,75.52499338,0,-6.263912806,0
9.397179383,-7.274349599,73.75779376,1,-5.144340027,0
7.204835273,-8.471482082,77.57554342,1,-1.190227566,0
7.705911872,-7.961865195,79.63711232,1,-4.530573679,0
8.420427845,-7.118270214,80.88808783,0,2.940126845,0
8.200042215,-8.282203715,80.49334228,0,1.30904605,0
8.441502784,-6.904506134,83.32360284,1,-4.123124347,0
7.887078869,-7.62326567,78.93282777,1,-0.708373715,0
8.326324724,-7.535212337,77.40465996,0,3.355958651,0
7.184128935,-8.781949107,79.27783673,1,0.056485302,0
7.043397285,-8.37738645,81.77231257,1,1.909636724,0
7.609443219,-8.202796013,78.09054711,0,-0.148043275,0
6.551834787,-9.161351116,79.65065026,0,-0.130042006,0
8.723533032,-7.093589844,81.89407924,0,1.005565085,0
9.711529575,-6.914722542,77.61664889,0,2.194109488,0
9.069620382,-7.197398282,76.69854088,0,2.104207173,0
9.123811804,-7.484494456,87.04385021,1,-4.119231865,0
7.802009775,-8.65056101,81.84646028,1,1.388122664,0
6.767882902,-9.046359544,86.10225771,1,-0.607503911,0
8.749635481,-6.228866226,79.9594534,1,-6.039296539,0
7.103197898,-8.642915942,85.59421705,0,-1.456956069,0
7.352566149,-7.848569085,77.60343081,0,-0.180614513,0
7.6171195,-8.859455956,82.05211542,1,3.823188133,0
7.86398641,-7.493306905,81.13711046,1,5.753316208,0
7.447921252,-8.836994315,79.59582783,1,1.29865401,0
8.359769604,-7.567843651,81.54395911,1,-1.684671593,0
8.330334835,-7.858071477,77.82898646,1,-0.518368734,0
9.104928348,-7.369367541,79.97028248,1,-3.154748909,0
7.035989768,-9.116610248,75.59594698,0,0.545050597,0
8.382336382,-8.710269933,78.40818903,1,3.536746191,0
7.554231638,-8.666470666,79.06925807,0,-1.219934456,0
7.1326374,-8.871137067,82.0186094,0,2.29552145,0
8.059774296,-8.096339191,77.51221511,1,-0.838739647,0
8.044327167,-8.149510203,80.40194744,0,-0.020448068,0
7.945811963,-8.570514297,80.24254569,0,3.490544819,0
6.832708988,-9.05842324,77.85920973,1,-5.528723844,0
7.755023785,-8.510414363,80.64772749,1,3.646660108,0
8.037199501,-8.038122002,77.9102211,1,-1.550979562,0
8.881287694,-7.238893306,76.39662834,0,-5.477714372,0
8.542425078,-7.512357904,79.4915161,1,6.673156115,0
7.803811904,-8.349967425,79.69548948,1,-1.243451273,0
7.965706096,-7.32019436,79.49842328,1,0.279859551,0
10.78527189,-4.829966315,79.1679584,0,4.056464529,0
7.868568175,-8.130687574,79.36088648,0,0.951398441,0
7.225875381,-8.436039001,77.59880586,1,3.877376953,0
9.198605722,-6.262557186,75.78118113,1,-4.790616505,0
9.382107865,-7.290206825,75.63079783,0,1.294147971,0
8.182447309,-7.7522014,79.73094569,1,1.869506389,0
10.67185376,-5.747013457,78.24019806,1,2.029645553,0
7.666049392,-9.565051658,79.38403983,1,-3.195343362,0
8.734560055,-7.566539745,78.95236973,0,1.561159378,0
8.01025826,-8.175686739,81.8988326,0,2.332564295,0
7.451043515,-8.500081664,79.72641461,1,-1.853863586,0
5.89080993,-9.811648305,81.53001151,0,-2.063399296,0
8.270938587,-8.026503111,78.32654609,0,2.29409542,0
9.018505539,-7.296946492,81.05263023,1,0.227163475,0
8.822887291,-6.487915586,83.66827926,1,-2.454781027,0
7.69311455,-7.913026973,87.38577139,1,-2.10741362,0
7.812899233,-7.744337268,78.60320656,1,-3.573700971,0
8.515140148,-8.004503636,80.85138515,1,3.451629705,0
8.729019532,-7.092952482,82.05214466,1,0.873801256,0
6.772716644,-9.400714379,81.09559283,1,-1.753616187,0
7.659087501,-8.949437873,82.34861923,1,1.390522668,0
8.66943813,-7.637974084,76.5175711,1,-4.24003563,0
9.106255234,-7.281612022,73.79836777,1,3.04664448,0